Function_name, lambda,log2_N,log2_delta,q0,L,log2_precision,ciphertext_level_1,ciphertext_level_2,OpenFHE_precision,real_time,cpu_time
CKKSrns_Add,128,14,26,38,10,6,0,0,10,1270 us,1267 us
CKKSrns_Add,128,14,26,38,10,6,1,0,10,925 us,923 us
CKKSrns_Add,128,14,26,38,10,6,1,1,10,957 us,953 us
CKKSrns_Add,128,14,26,38,10,6,2,0,10,926 us,924 us
CKKSrns_Add,128,14,26,38,10,6,2,1,10,957 us,955 us
CKKSrns_Add,128,14,26,38,10,6,2,2,10,945 us,942 us
CKKSrns_Add,128,14,26,38,10,6,3,0,10,940 us,937 us
CKKSrns_Add,128,14,26,38,10,6,3,1,10,960 us,957 us
CKKSrns_Add,128,14,26,38,10,6,3,2,10,948 us,945 us
CKKSrns_Add,128,14,26,38,10,6,3,3,10,957 us,954 us
CKKSrns_Add,128,14,26,38,10,6,4,0,10,958 us,953 us
CKKSrns_Add,128,14,26,38,10,6,4,1,10,604 us,602 us
CKKSrns_Add,128,14,26,38,10,6,4,2,10,572 us,570 us
CKKSrns_Add,128,14,26,38,10,6,4,3,10,575 us,573 us
CKKSrns_Add,128,14,26,38,10,6,4,4,10,596 us,594 us
CKKSrns_Add,128,14,26,38,10,6,5,0,10,580 us,578 us
CKKSrns_Add,128,14,26,38,10,6,5,1,10,586 us,584 us
CKKSrns_Add,128,14,26,38,10,6,5,2,10,574 us,572 us
CKKSrns_Add,128,14,26,38,10,6,5,3,10,578 us,576 us
CKKSrns_Add,128,14,26,38,10,6,5,4,10,581 us,579 us
CKKSrns_Add,128,14,26,38,10,6,5,5,10,578 us,576 us
CKKSrns_Add,128,14,26,38,10,6,6,0,10,578 us,577 us
CKKSrns_Add,128,14,26,38,10,6,6,1,10,590 us,588 us
CKKSrns_Add,128,14,26,38,10,6,6,2,10,576 us,574 us
CKKSrns_Add,128,14,26,38,10,6,6,3,10,579 us,577 us
CKKSrns_Add,128,14,26,38,10,6,6,4,10,580 us,578 us
CKKSrns_Add,128,14,26,38,10,6,6,5,10,712 us,710 us
CKKSrns_Add,128,14,26,38,10,6,6,6,10,586 us,584 us
CKKSrns_Add,128,14,26,38,10,6,7,0,10,578 us,576 us
CKKSrns_Add,128,14,26,38,10,6,7,1,10,1259 us,1255 us
CKKSrns_Add,128,14,26,38,10,6,7,2,10,570 us,569 us
CKKSrns_Add,128,14,26,38,10,6,7,3,10,1250 us,1246 us
CKKSrns_Add,128,14,26,38,10,6,7,4,10,576 us,574 us
CKKSrns_Add,128,14,26,38,10,6,7,5,10,577 us,575 us
CKKSrns_Add,128,14,26,38,10,6,7,6,10,576 us,574 us
CKKSrns_Add,128,14,26,38,10,6,7,7,10,577 us,575 us
CKKSrns_Add,128,14,26,38,10,6,8,0,10,582 us,580 us
CKKSrns_Add,128,14,26,38,10,6,8,1,10,582 us,580 us
CKKSrns_Add,128,14,26,38,10,6,8,2,10,573 us,571 us
CKKSrns_Add,128,14,26,38,10,6,8,3,10,581 us,579 us
CKKSrns_Add,128,14,26,38,10,6,8,4,10,576 us,574 us
CKKSrns_Add,128,14,26,38,10,6,8,5,10,644 us,642 us
CKKSrns_Add,128,14,26,38,10,6,8,6,10,646 us,644 us
CKKSrns_Add,128,14,26,38,10,6,8,7,10,651 us,648 us
CKKSrns_Add,128,14,26,38,10,6,8,8,10,574 us,572 us
CKKSrns_Add,128,14,26,38,10,6,9,0,10,578 us,576 us
CKKSrns_Add,128,14,26,38,10,6,9,1,10,594 us,592 us
CKKSrns_Add,128,14,26,38,10,6,9,2,10,574 us,572 us
CKKSrns_Add,128,14,26,38,10,6,9,3,10,579 us,577 us
CKKSrns_Add,128,14,26,38,10,6,9,4,10,578 us,576 us
CKKSrns_Add,128,14,26,38,10,6,9,5,10,581 us,578 us
CKKSrns_Add,128,14,26,38,10,6,9,6,10,577 us,575 us
CKKSrns_Add,128,14,26,38,10,6,9,7,10,580 us,577 us
CKKSrns_Add,128,14,26,38,10,6,9,8,10,574 us,572 us
CKKSrns_Add,128,14,26,38,10,6,9,9,10,1169 us,1166 us
CKKSrns_Add,128,14,26,38,10,6,10,0,10,609 us,607 us
CKKSrns_Add,128,14,26,38,10,6,10,1,10,634 us,632 us
CKKSrns_Add,128,14,26,38,10,6,10,2,10,589 us,587 us
CKKSrns_Add,128,14,26,38,10,6,10,3,10,594 us,592 us
CKKSrns_Add,128,14,26,38,10,6,10,4,10,591 us,589 us
CKKSrns_Add,128,14,26,38,10,6,10,5,10,617 us,615 us
CKKSrns_Add,128,14,26,38,10,6,10,6,10,607 us,605 us
CKKSrns_Add,128,14,26,38,10,6,10,7,10,592 us,590 us
CKKSrns_Add,128,14,26,38,10,6,10,8,10,576 us,574 us
CKKSrns_Add,128,14,26,38,10,6,10,9,10,608 us,605 us
CKKSrns_Add,128,14,26,38,10,6,10,10,10,581 us,580 us
CKKSrns_Add_plaintext,128,14,26,38,10,6,0,N/A_value,10,372 us,371 us
CKKSrns_Add_plaintext,128,14,26,38,10,6,1,N/A_value,10,306 us,305 us
CKKSrns_Add_plaintext,128,14,26,38,10,6,2,N/A_value,10,336 us,335 us
CKKSrns_Add_plaintext,128,14,26,38,10,6,3,N/A_value,10,337 us,336 us
CKKSrns_Add_plaintext,128,14,26,38,10,6,4,N/A_value,10,360 us,359 us
CKKSrns_Add_plaintext,128,14,26,38,10,6,5,N/A_value,10,407 us,405 us
CKKSrns_Add_plaintext,128,14,26,38,10,6,6,N/A_value,10,496 us,494 us
CKKSrns_Add_plaintext,128,14,26,38,10,6,7,N/A_value,10,633 us,631 us
CKKSrns_Add_plaintext,128,14,26,38,10,6,8,N/A_value,10,923 us,920 us
CKKSrns_Add_plaintext,128,14,26,38,10,6,9,N/A_value,10,1504 us,1499 us
CKKSrns_Add_plaintext,128,14,26,38,10,6,10,N/A_value,10,2675 us,2666 us
CKKSrns_Sub,128,14,26,38,10,6,0,0,10,1159 us,1155 us
CKKSrns_Sub,128,14,26,38,10,6,1,0,10,683 us,681 us
CKKSrns_Sub,128,14,26,38,10,6,1,1,10,678 us,676 us
CKKSrns_Sub,128,14,26,38,10,6,2,0,10,682 us,680 us
CKKSrns_Sub,128,14,26,38,10,6,2,1,10,694 us,691 us
CKKSrns_Sub,128,14,26,38,10,6,2,2,10,689 us,687 us
CKKSrns_Sub,128,14,26,38,10,6,3,0,10,697 us,695 us
CKKSrns_Sub,128,14,26,38,10,6,3,1,10,695 us,692 us
CKKSrns_Sub,128,14,26,38,10,6,3,2,10,721 us,717 us
CKKSrns_Sub,128,14,26,38,10,6,3,3,10,1190 us,1186 us
CKKSrns_Sub,128,14,26,38,10,6,4,0,10,1194 us,1190 us
CKKSrns_Sub,128,14,26,38,10,6,4,1,10,715 us,713 us
CKKSrns_Sub,128,14,26,38,10,6,4,2,10,688 us,686 us
CKKSrns_Sub,128,14,26,38,10,6,4,3,10,752 us,750 us
CKKSrns_Sub,128,14,26,38,10,6,4,4,10,735 us,732 us
CKKSrns_Sub,128,14,26,38,10,6,5,0,10,698 us,695 us
CKKSrns_Sub,128,14,26,38,10,6,5,1,10,698 us,695 us
CKKSrns_Sub,128,14,26,38,10,6,5,2,10,688 us,685 us
CKKSrns_Sub,128,14,26,38,10,6,5,3,10,693 us,689 us
CKKSrns_Sub,128,14,26,38,10,6,5,4,10,693 us,690 us
CKKSrns_Sub,128,14,26,38,10,6,5,5,10,691 us,688 us
CKKSrns_Sub,128,14,26,38,10,6,6,0,10,766 us,762 us
CKKSrns_Sub,128,14,26,38,10,6,6,1,10,696 us,693 us
CKKSrns_Sub,128,14,26,38,10,6,6,2,10,694 us,692 us
CKKSrns_Sub,128,14,26,38,10,6,6,3,10,692 us,689 us
CKKSrns_Sub,128,14,26,38,10,6,6,4,10,734 us,731 us
CKKSrns_Sub,128,14,26,38,10,6,6,5,10,735 us,732 us
CKKSrns_Sub,128,14,26,38,10,6,6,6,10,707 us,704 us
CKKSrns_Sub,128,14,26,38,10,6,7,0,10,699 us,697 us
CKKSrns_Sub,128,14,26,38,10,6,7,1,10,697 us,695 us
CKKSrns_Sub,128,14,26,38,10,6,7,2,10,708 us,705 us
CKKSrns_Sub,128,14,26,38,10,6,7,3,10,690 us,687 us
CKKSrns_Sub,128,14,26,38,10,6,7,4,10,671 us,669 us
CKKSrns_Sub,128,14,26,38,10,6,7,5,10,675 us,672 us
CKKSrns_Sub,128,14,26,38,10,6,7,6,10,700 us,697 us
CKKSrns_Sub,128,14,26,38,10,6,7,7,10,717 us,714 us
CKKSrns_Sub,128,14,26,38,10,6,8,0,10,714 us,711 us
CKKSrns_Sub,128,14,26,38,10,6,8,1,10,673 us,671 us
CKKSrns_Sub,128,14,26,38,10,6,8,2,10,670 us,668 us
CKKSrns_Sub,128,14,26,38,10,6,8,3,10,674 us,671 us
CKKSrns_Sub,128,14,26,38,10,6,8,4,10,677 us,675 us
CKKSrns_Sub,128,14,26,38,10,6,8,5,10,675 us,673 us
CKKSrns_Sub,128,14,26,38,10,6,8,6,10,674 us,672 us
CKKSrns_Sub,128,14,26,38,10,6,8,7,10,675 us,672 us
CKKSrns_Sub,128,14,26,38,10,6,8,8,10,733 us,730 us
CKKSrns_Sub,128,14,26,38,10,6,9,0,10,729 us,727 us
CKKSrns_Sub,128,14,26,38,10,6,9,1,10,736 us,733 us
CKKSrns_Sub,128,14,26,38,10,6,9,2,10,742 us,739 us
CKKSrns_Sub,128,14,26,38,10,6,9,3,10,747 us,744 us
CKKSrns_Sub,128,14,26,38,10,6,9,4,10,782 us,779 us
CKKSrns_Sub,128,14,26,38,10,6,9,5,10,692 us,689 us
CKKSrns_Sub,128,14,26,38,10,6,9,6,10,692 us,690 us
CKKSrns_Sub,128,14,26,38,10,6,9,7,10,694 us,692 us
CKKSrns_Sub,128,14,26,38,10,6,9,8,10,691 us,688 us
CKKSrns_Sub,128,14,26,38,10,6,9,9,10,692 us,690 us
CKKSrns_Sub,128,14,26,38,10,6,10,0,10,697 us,695 us
CKKSrns_Sub,128,14,26,38,10,6,10,1,10,698 us,696 us
CKKSrns_Sub,128,14,26,38,10,6,10,2,10,691 us,689 us
CKKSrns_Sub,128,14,26,38,10,6,10,3,10,691 us,689 us
CKKSrns_Sub,128,14,26,38,10,6,10,4,10,710 us,707 us
CKKSrns_Sub,128,14,26,38,10,6,10,5,10,695 us,692 us
CKKSrns_Sub,128,14,26,38,10,6,10,6,10,693 us,691 us
CKKSrns_Sub,128,14,26,38,10,6,10,7,10,693 us,691 us
CKKSrns_Sub,128,14,26,38,10,6,10,8,10,691 us,689 us
CKKSrns_Sub,128,14,26,38,10,6,10,9,10,691 us,689 us
CKKSrns_Sub,128,14,26,38,10,6,10,10,10,692 us,689 us
CKKSrns_Sub_plaintext,128,14,26,38,10,6,0,N/A_value,10,743 us,740 us
CKKSrns_Sub_plaintext,128,14,26,38,10,6,1,N/A_value,10,735 us,732 us
CKKSrns_Sub_plaintext,128,14,26,38,10,6,2,N/A_value,10,717 us,715 us
CKKSrns_Sub_plaintext,128,14,26,38,10,6,3,N/A_value,10,736 us,733 us
CKKSrns_Sub_plaintext,128,14,26,38,10,6,4,N/A_value,10,768 us,765 us
CKKSrns_Sub_plaintext,128,14,26,38,10,6,5,N/A_value,10,875 us,871 us
CKKSrns_Sub_plaintext,128,14,26,38,10,6,6,N/A_value,10,865 us,862 us
CKKSrns_Sub_plaintext,128,14,26,38,10,6,7,N/A_value,10,1099 us,1095 us
CKKSrns_Sub_plaintext,128,14,26,38,10,6,8,N/A_value,10,1385 us,1379 us
CKKSrns_Sub_plaintext,128,14,26,38,10,6,9,N/A_value,10,1973 us,1966 us
CKKSrns_Sub_plaintext,128,14,26,38,10,6,10,N/A_value,10,3079 us,3069 us
CKKSrns_Mult,128,14,26,38,10,6,0,0,10,25775 us,25655 us
CKKSrns_Mult,128,14,26,38,10,6,1,0,10,23603 us,23493 us
CKKSrns_Mult,128,14,26,38,10,6,1,1,10,22117 us,22035 us
CKKSrns_Mult,128,14,26,38,10,6,2,0,10,24342 us,24252 us
CKKSrns_Mult,128,14,26,38,10,6,2,1,10,22193 us,22111 us
CKKSrns_Mult,128,14,26,38,10,6,2,2,10,23314 us,23221 us
CKKSrns_Mult,128,14,26,38,10,6,3,0,10,24040 us,23952 us
CKKSrns_Mult,128,14,26,38,10,6,3,1,10,22251 us,22168 us
CKKSrns_Mult,128,14,26,38,10,6,3,2,10,22707 us,22624 us
CKKSrns_Mult,128,14,26,38,10,6,3,3,10,22820 us,22726 us
CKKSrns_Mult,128,14,26,38,10,6,4,0,10,24225 us,24140 us
CKKSrns_Mult,128,14,26,38,10,6,4,1,10,22217 us,22132 us
CKKSrns_Mult,128,14,26,38,10,6,4,2,10,23248 us,23159 us
CKKSrns_Mult,128,14,26,38,10,6,4,3,10,22745 us,22661 us
CKKSrns_Mult,128,14,26,38,10,6,4,4,10,23252 us,23159 us
CKKSrns_Mult,128,14,26,38,10,6,5,0,10,24238 us,24146 us
CKKSrns_Mult,128,14,26,38,10,6,5,1,10,22353 us,22266 us
CKKSrns_Mult,128,14,26,38,10,6,5,2,10,22763 us,22674 us
CKKSrns_Mult,128,14,26,38,10,6,5,3,10,22786 us,22696 us
CKKSrns_Mult,128,14,26,38,10,6,5,4,10,22923 us,22838 us
CKKSrns_Mult,128,14,26,38,10,6,5,5,10,22978 us,22887 us
CKKSrns_Mult,128,14,26,38,10,6,6,0,10,24693 us,24597 us
CKKSrns_Mult,128,14,26,38,10,6,6,1,10,22639 us,22540 us
CKKSrns_Mult,128,14,26,38,10,6,6,2,10,23395 us,23300 us
CKKSrns_Mult,128,14,26,38,10,6,6,3,10,22736 us,22649 us
CKKSrns_Mult,128,14,26,38,10,6,6,4,10,23475 us,23376 us
CKKSrns_Mult,128,14,26,38,10,6,6,5,10,23189 us,23087 us
CKKSrns_Mult,128,14,26,38,10,6,6,6,10,23542 us,23432 us
CKKSrns_Mult,128,14,26,38,10,6,7,0,10,24046 us,23938 us
CKKSrns_Mult,128,14,26,38,10,6,7,1,10,22755 us,22649 us
CKKSrns_Mult,128,14,26,38,10,6,7,2,10,23275 us,23170 us
CKKSrns_Mult,128,14,26,38,10,6,7,3,10,23032 us,22929 us
CKKSrns_Mult,128,14,26,38,10,6,7,4,10,22980 us,22881 us
CKKSrns_Mult,128,14,26,38,10,6,7,5,10,22762 us,22662 us
CKKSrns_Mult,128,14,26,38,10,6,7,6,10,22935 us,22849 us
CKKSrns_Mult,128,14,26,38,10,6,7,7,10,22866 us,22780 us
CKKSrns_Mult,128,14,26,38,10,6,8,0,10,24425 us,24335 us
CKKSrns_Mult,128,14,26,38,10,6,8,1,10,22349 us,22266 us
CKKSrns_Mult,128,14,26,38,10,6,8,2,10,23353 us,23255 us
CKKSrns_Mult,128,14,26,38,10,6,8,3,10,22834 us,22750 us
CKKSrns_Mult,128,14,26,38,10,6,8,4,10,23853 us,23755 us
CKKSrns_Mult,128,14,26,38,10,6,8,5,10,23371 us,23274 us
CKKSrns_Mult,128,14,26,38,10,6,8,6,10,23616 us,23522 us
CKKSrns_Mult,128,14,26,38,10,6,8,7,10,23138 us,23046 us
CKKSrns_Mult,128,14,26,38,10,6,8,8,10,23484 us,23386 us
CKKSrns_Mult,128,14,26,38,10,6,9,0,10,24050 us,23961 us
CKKSrns_Mult,128,14,26,38,10,6,9,1,10,22583 us,22496 us
CKKSrns_Mult,128,14,26,38,10,6,9,2,10,22950 us,22868 us
CKKSrns_Mult,128,14,26,38,10,6,9,3,10,23221 us,23127 us
CKKSrns_Mult,128,14,26,38,10,6,9,4,10,22963 us,22865 us
CKKSrns_Mult,128,14,26,38,10,6,9,5,10,22694 us,22613 us
CKKSrns_Mult,128,14,26,38,10,6,9,6,10,22786 us,22689 us
CKKSrns_Mult,128,14,26,38,10,6,9,7,10,22851 us,22754 us
CKKSrns_Mult,128,14,26,38,10,6,9,8,10,23024 us,22924 us
CKKSrns_Mult,128,14,26,38,10,6,9,9,10,22967 us,22865 us
CKKSrns_Mult_plaintext,128,14,26,38,10,6,0,N/A_value,10,358 us,357 us
CKKSrns_Mult_plaintext,128,14,26,38,10,6,1,N/A_value,10,348 us,347 us
CKKSrns_Mult_plaintext,128,14,26,38,10,6,2,N/A_value,10,349 us,346 us
CKKSrns_Mult_plaintext,128,14,26,38,10,6,3,N/A_value,10,384 us,383 us
CKKSrns_Mult_plaintext,128,14,26,38,10,6,4,N/A_value,10,347 us,346 us
CKKSrns_Mult_plaintext,128,14,26,38,10,6,5,N/A_value,10,350 us,349 us
CKKSrns_Mult_plaintext,128,14,26,38,10,6,6,N/A_value,10,346 us,345 us
CKKSrns_Mult_plaintext,128,14,26,38,10,6,7,N/A_value,10,353 us,351 us
CKKSrns_Mult_plaintext,128,14,26,38,10,6,8,N/A_value,10,346 us,345 us
CKKSrns_Mult_plaintext,128,14,26,38,10,6,9,N/A_value,10,356 us,355 us
CKKSrns_MultNoRelin,128,14,26,38,10,6,0,0,10,3403 us,3391 us
CKKSrns_MultNoRelin,128,14,26,38,10,6,1,0,10,1510 us,1505 us
CKKSrns_MultNoRelin,128,14,26,38,10,6,1,1,10,1404 us,1399 us
CKKSrns_MultNoRelin,128,14,26,38,10,6,2,0,10,2271 us,2263 us
CKKSrns_MultNoRelin,128,14,26,38,10,6,2,1,10,1399 us,1394 us
CKKSrns_MultNoRelin,128,14,26,38,10,6,2,2,10,1406 us,1400 us
CKKSrns_MultNoRelin,128,14,26,38,10,6,3,0,10,1826 us,1819 us
CKKSrns_MultNoRelin,128,14,26,38,10,6,3,1,10,1415 us,1410 us
CKKSrns_MultNoRelin,128,14,26,38,10,6,3,2,10,1485 us,1479 us
CKKSrns_MultNoRelin,128,14,26,38,10,6,3,3,10,1414 us,1409 us
CKKSrns_MultNoRelin,128,14,26,38,10,6,4,0,10,2272 us,2264 us
CKKSrns_MultNoRelin,128,14,26,38,10,6,4,1,10,1462 us,1455 us
CKKSrns_MultNoRelin,128,14,26,38,10,6,4,2,10,1548 us,1542 us
CKKSrns_MultNoRelin,128,14,26,38,10,6,4,3,10,1436 us,1429 us
CKKSrns_MultNoRelin,128,14,26,38,10,6,4,4,10,1416 us,1410 us
CKKSrns_MultNoRelin,128,14,26,38,10,6,5,0,10,1744 us,1738 us
CKKSrns_MultNoRelin,128,14,26,38,10,6,5,1,10,1421 us,1416 us
CKKSrns_MultNoRelin,128,14,26,38,10,6,5,2,10,1410 us,1405 us
CKKSrns_MultNoRelin,128,14,26,38,10,6,5,3,10,1452 us,1447 us
CKKSrns_MultNoRelin,128,14,26,38,10,6,5,4,10,1405 us,1400 us
CKKSrns_MultNoRelin,128,14,26,38,10,6,5,5,10,1405 us,1400 us
CKKSrns_MultNoRelin,128,14,26,38,10,6,6,0,10,2268 us,2260 us
CKKSrns_MultNoRelin,128,14,26,38,10,6,6,1,10,1467 us,1461 us
CKKSrns_MultNoRelin,128,14,26,38,10,6,6,2,10,1421 us,1416 us
CKKSrns_MultNoRelin,128,14,26,38,10,6,6,3,10,1450 us,1445 us
CKKSrns_MultNoRelin,128,14,26,38,10,6,6,4,10,1407 us,1401 us
CKKSrns_MultNoRelin,128,14,26,38,10,6,6,5,10,1485 us,1479 us
CKKSrns_MultNoRelin,128,14,26,38,10,6,6,6,10,1417 us,1412 us
CKKSrns_MultNoRelin,128,14,26,38,10,6,7,0,10,1755 us,1748 us
CKKSrns_MultNoRelin,128,14,26,38,10,6,7,1,10,1479 us,1473 us
CKKSrns_MultNoRelin,128,14,26,38,10,6,7,2,10,1437 us,1431 us
CKKSrns_MultNoRelin,128,14,26,38,10,6,7,3,10,1417 us,1412 us
CKKSrns_MultNoRelin,128,14,26,38,10,6,7,4,10,1709 us,1703 us
CKKSrns_MultNoRelin,128,14,26,38,10,6,7,5,10,1418 us,1412 us
CKKSrns_MultNoRelin,128,14,26,38,10,6,7,6,10,1410 us,1405 us
CKKSrns_MultNoRelin,128,14,26,38,10,6,7,7,10,1494 us,1489 us
CKKSrns_MultNoRelin,128,14,26,38,10,6,8,0,10,2325 us,2318 us
CKKSrns_MultNoRelin,128,14,26,38,10,6,8,1,10,1486 us,1481 us
CKKSrns_MultNoRelin,128,14,26,38,10,6,8,2,10,1484 us,1479 us
CKKSrns_MultNoRelin,128,14,26,38,10,6,8,3,10,1480 us,1475 us
CKKSrns_MultNoRelin,128,14,26,38,10,6,8,4,10,1478 us,1474 us
CKKSrns_MultNoRelin,128,14,26,38,10,6,8,5,10,1496 us,1491 us
CKKSrns_MultNoRelin,128,14,26,38,10,6,8,6,10,1464 us,1460 us
CKKSrns_MultNoRelin,128,14,26,38,10,6,8,7,10,1543 us,1538 us
CKKSrns_MultNoRelin,128,14,26,38,10,6,8,8,10,1460 us,1455 us
CKKSrns_MultNoRelin,128,14,26,38,10,6,9,0,10,1719 us,1713 us
CKKSrns_MultNoRelin,128,14,26,38,10,6,9,1,10,1370 us,1366 us
CKKSrns_MultNoRelin,128,14,26,38,10,6,9,2,10,1397 us,1393 us
CKKSrns_MultNoRelin,128,14,26,38,10,6,9,3,10,1441 us,1435 us
CKKSrns_MultNoRelin,128,14,26,38,10,6,9,4,10,1467 us,1462 us
CKKSrns_MultNoRelin,128,14,26,38,10,6,9,5,10,1437 us,1432 us
CKKSrns_MultNoRelin,128,14,26,38,10,6,9,6,10,1383 us,1378 us
CKKSrns_MultNoRelin,128,14,26,38,10,6,9,7,10,1384 us,1379 us
CKKSrns_MultNoRelin,128,14,26,38,10,6,9,8,10,1414 us,1409 us
CKKSrns_MultNoRelin,128,14,26,38,10,6,9,9,10,1660 us,1655 us
CKKSrns_MultRelin,128,14,26,38,10,6,0,0,10,25366 us,25254 us
CKKSrns_MultRelin,128,14,26,38,10,6,1,0,10,23407 us,23320 us
CKKSrns_MultRelin,128,14,26,38,10,6,1,1,10,22485 us,22380 us
CKKSrns_MultRelin,128,14,26,38,10,6,2,0,10,24425 us,24311 us
CKKSrns_MultRelin,128,14,26,38,10,6,2,1,10,22323 us,22227 us
CKKSrns_MultRelin,128,14,26,38,10,6,2,2,10,23186 us,23096 us
CKKSrns_MultRelin,128,14,26,38,10,6,3,0,10,23916 us,23825 us
CKKSrns_MultRelin,128,14,26,38,10,6,3,1,10,22363 us,22276 us
CKKSrns_MultRelin,128,14,26,38,10,6,3,2,10,23337 us,23234 us
CKKSrns_MultRelin,128,14,26,38,10,6,3,3,10,22861 us,22760 us
CKKSrns_MultRelin,128,14,26,38,10,6,4,0,10,24303 us,24197 us
CKKSrns_MultRelin,128,14,26,38,10,6,4,1,10,22310 us,22210 us
CKKSrns_MultRelin,128,14,26,38,10,6,4,2,10,23693 us,23575 us
CKKSrns_MultRelin,128,14,26,38,10,6,4,3,10,23073 us,22970 us
CKKSrns_MultRelin,128,14,26,38,10,6,4,4,10,23405 us,23292 us
CKKSrns_MultRelin,128,14,26,38,10,6,5,0,10,23893 us,23787 us
CKKSrns_MultRelin,128,14,26,38,10,6,5,1,10,22161 us,22080 us
CKKSrns_MultRelin,128,14,26,38,10,6,5,2,10,22667 us,22584 us
CKKSrns_MultRelin,128,14,26,38,10,6,5,3,10,22559 us,22479 us
CKKSrns_MultRelin,128,14,26,38,10,6,5,4,10,25014 us,24878 us
CKKSrns_MultRelin,128,14,26,38,10,6,5,5,10,22847 us,22752 us
CKKSrns_MultRelin,128,14,26,38,10,6,6,0,10,26436 us,26293 us
CKKSrns_MultRelin,128,14,26,38,10,6,6,1,10,22516 us,22429 us
CKKSrns_MultRelin,128,14,26,38,10,6,6,2,10,23880 us,23775 us
CKKSrns_MultRelin,128,14,26,38,10,6,6,3,10,22587 us,22496 us
CKKSrns_MultRelin,128,14,26,38,10,6,6,4,10,23303 us,23211 us
CKKSrns_MultRelin,128,14,26,38,10,6,6,5,10,22781 us,22692 us
CKKSrns_MultRelin,128,14,26,38,10,6,6,6,10,23440 us,23342 us
CKKSrns_MultRelin,128,14,26,38,10,6,7,0,10,23928 us,23836 us
CKKSrns_MultRelin,128,14,26,38,10,6,7,1,10,22272 us,22185 us
CKKSrns_MultRelin,128,14,26,38,10,6,7,2,10,22804 us,22716 us
CKKSrns_MultRelin,128,14,26,38,10,6,7,3,10,22827 us,22735 us
CKKSrns_MultRelin,128,14,26,38,10,6,7,4,10,22787 us,22702 us
CKKSrns_MultRelin,128,14,26,38,10,6,7,5,10,24548 us,24418 us
CKKSrns_MultRelin,128,14,26,38,10,6,7,6,10,22938 us,22851 us
CKKSrns_MultRelin,128,14,26,38,10,6,7,7,10,22887 us,22807 us
CKKSrns_MultRelin,128,14,26,38,10,6,8,0,10,24525 us,24415 us
CKKSrns_MultRelin,128,14,26,38,10,6,8,1,10,22266 us,22167 us
CKKSrns_MultRelin,128,14,26,38,10,6,8,2,10,23297 us,23186 us
CKKSrns_MultRelin,128,14,26,38,10,6,8,3,10,22797 us,22701 us
CKKSrns_MultRelin,128,14,26,38,10,6,8,4,10,23868 us,23751 us
CKKSrns_MultRelin,128,14,26,38,10,6,8,5,10,22838 us,22735 us
CKKSrns_MultRelin,128,14,26,38,10,6,8,6,10,23557 us,23439 us
CKKSrns_MultRelin,128,14,26,38,10,6,8,7,10,22762 us,22662 us
CKKSrns_MultRelin,128,14,26,38,10,6,8,8,10,25454 us,25304 us
CKKSrns_MultRelin,128,14,26,38,10,6,9,0,10,27325 us,27170 us
CKKSrns_MultRelin,128,14,26,38,10,6,9,1,10,22355 us,22268 us
CKKSrns_MultRelin,128,14,26,38,10,6,9,2,10,23085 us,22994 us
CKKSrns_MultRelin,128,14,26,38,10,6,9,3,10,22762 us,22675 us
CKKSrns_MultRelin,128,14,26,38,10,6,9,4,10,25096 us,24947 us
CKKSrns_MultRelin,128,14,26,38,10,6,9,5,10,22776 us,22690 us
CKKSrns_MultRelin,128,14,26,38,10,6,9,6,10,25578 us,25427 us
CKKSrns_MultRelin,128,14,26,38,10,6,9,7,10,22875 us,22787 us
CKKSrns_MultRelin,128,14,26,38,10,6,9,8,10,23017 us,22923 us
CKKSrns_MultRelin,128,14,26,38,10,6,9,9,10,22893 us,22802 us
CKKSrns_Add,128,14,43,60,4,23,0,0,30,325 us,324 us
CKKSrns_Add,128,14,43,60,4,23,1,0,30,332 us,331 us
CKKSrns_Add,128,14,43,60,4,23,1,1,30,335 us,334 us
CKKSrns_Add,128,14,43,60,4,23,2,0,30,342 us,341 us
CKKSrns_Add,128,14,43,60,4,23,2,1,30,468 us,466 us
CKKSrns_Add,128,14,43,60,4,23,2,2,30,336 us,335 us
CKKSrns_Add,128,14,43,60,4,23,3,0,30,347 us,345 us
CKKSrns_Add,128,14,43,60,4,23,3,1,30,399 us,398 us
CKKSrns_Add,128,14,43,60,4,23,3,2,30,328 us,327 us
CKKSrns_Add,128,14,43,60,4,23,3,3,30,328 us,327 us
CKKSrns_Add,128,14,43,60,4,23,4,0,30,323 us,322 us
CKKSrns_Add,128,14,43,60,4,23,4,1,30,328 us,327 us
CKKSrns_Add,128,14,43,60,4,23,4,2,30,331 us,330 us
CKKSrns_Add,128,14,43,60,4,23,4,3,30,328 us,327 us
CKKSrns_Add,128,14,43,60,4,23,4,4,30,330 us,329 us
CKKSrns_Add_plaintext,128,14,43,60,4,23,0,N/A_value,30,194 us,194 us
CKKSrns_Add_plaintext,128,14,43,60,4,23,1,N/A_value,30,209 us,208 us
CKKSrns_Add_plaintext,128,14,43,60,4,23,2,N/A_value,30,195 us,194 us
CKKSrns_Add_plaintext,128,14,43,60,4,23,3,N/A_value,30,191 us,190 us
CKKSrns_Add_plaintext,128,14,43,60,4,23,4,N/A_value,30,224 us,224 us
CKKSrns_Sub,128,14,43,60,4,23,0,0,30,416 us,415 us
CKKSrns_Sub,128,14,43,60,4,23,1,0,30,415 us,414 us
CKKSrns_Sub,128,14,43,60,4,23,1,1,30,440 us,439 us
CKKSrns_Sub,128,14,43,60,4,23,2,0,30,419 us,418 us
CKKSrns_Sub,128,14,43,60,4,23,2,1,30,431 us,429 us
CKKSrns_Sub,128,14,43,60,4,23,2,2,30,428 us,427 us
CKKSrns_Sub,128,14,43,60,4,23,3,0,30,415 us,414 us
CKKSrns_Sub,128,14,43,60,4,23,3,1,30,426 us,425 us
CKKSrns_Sub,128,14,43,60,4,23,3,2,30,432 us,431 us
CKKSrns_Sub,128,14,43,60,4,23,3,3,30,432 us,431 us
CKKSrns_Sub,128,14,43,60,4,23,4,0,30,415 us,414 us
CKKSrns_Sub,128,14,43,60,4,23,4,1,30,429 us,427 us
CKKSrns_Sub,128,14,43,60,4,23,4,2,30,434 us,432 us
CKKSrns_Sub,128,14,43,60,4,23,4,3,30,432 us,430 us
CKKSrns_Sub,128,14,43,60,4,23,4,4,30,431 us,430 us
CKKSrns_Sub_plaintext,128,14,43,60,4,23,0,N/A_value,30,497 us,495 us
CKKSrns_Sub_plaintext,128,14,43,60,4,23,1,N/A_value,30,522 us,520 us
CKKSrns_Sub_plaintext,128,14,43,60,4,23,2,N/A_value,30,502 us,500 us
CKKSrns_Sub_plaintext,128,14,43,60,4,23,3,N/A_value,30,501 us,499 us
CKKSrns_Sub_plaintext,128,14,43,60,4,23,4,N/A_value,30,525 us,523 us
CKKSrns_Mult,128,14,43,60,4,23,0,0,30,16720 us,16643 us
CKKSrns_Mult,128,14,43,60,4,23,1,0,30,16059 us,15981 us
CKKSrns_Mult,128,14,43,60,4,23,1,1,30,15523 us,15451 us
CKKSrns_Mult,128,14,43,60,4,23,2,0,30,16367 us,16290 us
CKKSrns_Mult,128,14,43,60,4,23,2,1,30,15396 us,15323 us
CKKSrns_Mult,128,14,43,60,4,23,2,2,30,15954 us,15878 us
CKKSrns_Mult,128,14,43,60,4,23,3,0,30,16033 us,15958 us
CKKSrns_Mult,128,14,43,60,4,23,3,1,30,15449 us,15375 us
CKKSrns_Mult,128,14,43,60,4,23,3,2,30,15704 us,15629 us
CKKSrns_Mult,128,14,43,60,4,23,3,3,30,15851 us,15775 us
CKKSrns_Mult_plaintext,128,14,43,60,4,23,0,N/A_value,30,212 us,211 us
CKKSrns_Mult_plaintext,128,14,43,60,4,23,1,N/A_value,30,218 us,217 us
CKKSrns_Mult_plaintext,128,14,43,60,4,23,2,N/A_value,30,218 us,217 us
CKKSrns_Mult_plaintext,128,14,43,60,4,23,3,N/A_value,30,176 us,175 us
CKKSrns_MultNoRelin,128,14,43,60,4,23,0,0,30,1445 us,1441 us
CKKSrns_MultNoRelin,128,14,43,60,4,23,1,0,30,766 us,763 us
CKKSrns_MultNoRelin,128,14,43,60,4,23,1,1,30,797 us,793 us
CKKSrns_MultNoRelin,128,14,43,60,4,23,2,0,30,1155 us,1151 us
CKKSrns_MultNoRelin,128,14,43,60,4,23,2,1,30,785 us,782 us
CKKSrns_MultNoRelin,128,14,43,60,4,23,2,2,30,814 us,811 us
CKKSrns_MultNoRelin,128,14,43,60,4,23,3,0,30,889 us,886 us
CKKSrns_MultNoRelin,128,14,43,60,4,23,3,1,30,816 us,813 us
CKKSrns_MultNoRelin,128,14,43,60,4,23,3,2,30,770 us,767 us
CKKSrns_MultNoRelin,128,14,43,60,4,23,3,3,30,798 us,795 us
CKKSrns_MultRelin,128,14,43,60,4,23,0,0,30,16493 us,16417 us
CKKSrns_MultRelin,128,14,43,60,4,23,1,0,30,15779 us,15709 us
CKKSrns_MultRelin,128,14,43,60,4,23,1,1,30,15048 us,14982 us
CKKSrns_MultRelin,128,14,43,60,4,23,2,0,30,16055 us,15985 us
CKKSrns_MultRelin,128,14,43,60,4,23,2,1,30,15166 us,15097 us
CKKSrns_MultRelin,128,14,43,60,4,23,2,2,30,15613 us,15544 us
CKKSrns_MultRelin,128,14,43,60,4,23,3,0,30,16050 us,15975 us
CKKSrns_MultRelin,128,14,43,60,4,23,3,1,30,15885 us,15815 us
CKKSrns_MultRelin,128,14,43,60,4,23,3,2,30,15720 us,15655 us
CKKSrns_MultRelin,128,14,43,60,4,23,3,3,30,15607 us,15544 us
CKKSrns_Add,128,15,28,54,10,7,0,0,10,1872 us,1867 us
CKKSrns_Add,128,15,28,54,10,7,1,0,10,1899 us,1894 us
CKKSrns_Add,128,15,28,54,10,7,1,1,10,1960 us,1953 us
CKKSrns_Add,128,15,28,54,10,7,2,0,10,1928 us,1922 us
CKKSrns_Add,128,15,28,54,10,7,2,1,10,1940 us,1934 us
CKKSrns_Add,128,15,28,54,10,7,2,2,10,1941 us,1933 us
CKKSrns_Add,128,15,28,54,10,7,3,0,10,1919 us,1914 us
CKKSrns_Add,128,15,28,54,10,7,3,1,10,1947 us,1941 us
CKKSrns_Add,128,15,28,54,10,7,3,2,10,1947 us,1941 us
CKKSrns_Add,128,15,28,54,10,7,3,3,10,1944 us,1938 us
CKKSrns_Add,128,15,28,54,10,7,4,0,10,1319 us,1315 us
CKKSrns_Add,128,15,28,54,10,7,4,1,10,1369 us,1365 us
CKKSrns_Add,128,15,28,54,10,7,4,2,10,1310 us,1305 us
CKKSrns_Add,128,15,28,54,10,7,4,3,10,1315 us,1311 us
CKKSrns_Add,128,15,28,54,10,7,4,4,10,1424 us,1417 us
CKKSrns_Add,128,15,28,54,10,7,5,0,10,1301 us,1297 us
CKKSrns_Add,128,15,28,54,10,7,5,1,10,2314 us,2306 us
CKKSrns_Add,128,15,28,54,10,7,5,2,10,1290 us,1286 us
CKKSrns_Add,128,15,28,54,10,7,5,3,10,1299 us,1295 us
CKKSrns_Add,128,15,28,54,10,7,5,4,10,1329 us,1324 us
CKKSrns_Add,128,15,28,54,10,7,5,5,10,1332 us,1328 us
CKKSrns_Add,128,15,28,54,10,7,6,0,10,1466 us,1462 us
CKKSrns_Add,128,15,28,54,10,7,6,1,10,1368 us,1364 us
CKKSrns_Add,128,15,28,54,10,7,6,2,10,1334 us,1329 us
CKKSrns_Add,128,15,28,54,10,7,6,3,10,1346 us,1341 us
CKKSrns_Add,128,15,28,54,10,7,6,4,10,1495 us,1488 us
CKKSrns_Add,128,15,28,54,10,7,6,5,10,1461 us,1458 us
CKKSrns_Add,128,15,28,54,10,7,6,6,10,1442 us,1438 us
CKKSrns_Add,128,15,28,54,10,7,7,0,10,1437 us,1433 us
CKKSrns_Add,128,15,28,54,10,7,7,1,10,1432 us,1428 us
CKKSrns_Add,128,15,28,54,10,7,7,2,10,1517 us,1512 us
CKKSrns_Add,128,15,28,54,10,7,7,3,10,1344 us,1340 us
CKKSrns_Add,128,15,28,54,10,7,7,4,10,2246 us,2238 us
CKKSrns_Add,128,15,28,54,10,7,7,5,10,1494 us,1489 us
CKKSrns_Add,128,15,28,54,10,7,7,6,10,2224 us,2217 us
CKKSrns_Add,128,15,28,54,10,7,7,7,10,1346 us,1342 us
CKKSrns_Add,128,15,28,54,10,7,8,0,10,1450 us,1444 us
CKKSrns_Add,128,15,28,54,10,7,8,1,10,1445 us,1440 us
CKKSrns_Add,128,15,28,54,10,7,8,2,10,1311 us,1308 us
CKKSrns_Add,128,15,28,54,10,7,8,3,10,1303 us,1300 us
CKKSrns_Add,128,15,28,54,10,7,8,4,10,1304 us,1300 us
CKKSrns_Add,128,15,28,54,10,7,8,5,10,1316 us,1313 us
CKKSrns_Add,128,15,28,54,10,7,8,6,10,1313 us,1309 us
CKKSrns_Add,128,15,28,54,10,7,8,7,10,1317 us,1313 us
CKKSrns_Add,128,15,28,54,10,7,8,8,10,1306 us,1302 us
CKKSrns_Add,128,15,28,54,10,7,9,0,10,1441 us,1438 us
CKKSrns_Add,128,15,28,54,10,7,9,1,10,1342 us,1337 us
CKKSrns_Add,128,15,28,54,10,7,9,2,10,1312 us,1309 us
CKKSrns_Add,128,15,28,54,10,7,9,3,10,1327 us,1324 us
CKKSrns_Add,128,15,28,54,10,7,9,4,10,1311 us,1308 us
CKKSrns_Add,128,15,28,54,10,7,9,5,10,1386 us,1381 us
CKKSrns_Add,128,15,28,54,10,7,9,6,10,1308 us,1304 us
CKKSrns_Add,128,15,28,54,10,7,9,7,10,1321 us,1317 us
CKKSrns_Add,128,15,28,54,10,7,9,8,10,1316 us,1313 us
CKKSrns_Add,128,15,28,54,10,7,9,9,10,1313 us,1309 us
CKKSrns_Add,128,15,28,54,10,7,10,0,10,1322 us,1318 us
CKKSrns_Add,128,15,28,54,10,7,10,1,10,1331 us,1326 us
CKKSrns_Add,128,15,28,54,10,7,10,2,10,2259 us,2251 us
CKKSrns_Add,128,15,28,54,10,7,10,3,10,1296 us,1292 us
CKKSrns_Add,128,15,28,54,10,7,10,4,10,1367 us,1363 us
CKKSrns_Add,128,15,28,54,10,7,10,5,10,1452 us,1447 us
CKKSrns_Add,128,15,28,54,10,7,10,6,10,1340 us,1336 us
CKKSrns_Add,128,15,28,54,10,7,10,7,10,1404 us,1400 us
CKKSrns_Add,128,15,28,54,10,7,10,8,10,1341 us,1336 us
CKKSrns_Add,128,15,28,54,10,7,10,9,10,2001 us,1994 us
CKKSrns_Add,128,15,28,54,10,7,10,10,10,1349 us,1345 us
CKKSrns_Add_plaintext,128,15,28,54,10,7,0,N/A_value,10,830 us,827 us
CKKSrns_Add_plaintext,128,15,28,54,10,7,1,N/A_value,10,700 us,697 us
CKKSrns_Add_plaintext,128,15,28,54,10,7,2,N/A_value,10,777 us,774 us
CKKSrns_Add_plaintext,128,15,28,54,10,7,3,N/A_value,10,781 us,778 us
CKKSrns_Add_plaintext,128,15,28,54,10,7,4,N/A_value,10,779 us,777 us
CKKSrns_Add_plaintext,128,15,28,54,10,7,5,N/A_value,10,832 us,828 us
CKKSrns_Add_plaintext,128,15,28,54,10,7,6,N/A_value,10,893 us,891 us
CKKSrns_Add_plaintext,128,15,28,54,10,7,7,N/A_value,10,1025 us,1023 us
CKKSrns_Add_plaintext,128,15,28,54,10,7,8,N/A_value,10,1325 us,1322 us
CKKSrns_Add_plaintext,128,15,28,54,10,7,9,N/A_value,10,1838 us,1833 us
CKKSrns_Add_plaintext,128,15,28,54,10,7,10,N/A_value,10,2913 us,2906 us
CKKSrns_Sub,128,15,28,54,10,7,0,0,10,2242 us,2235 us
CKKSrns_Sub,128,15,28,54,10,7,1,0,10,1566 us,1559 us
CKKSrns_Sub,128,15,28,54,10,7,1,1,10,1640 us,1636 us
CKKSrns_Sub,128,15,28,54,10,7,2,0,10,1569 us,1565 us
CKKSrns_Sub,128,15,28,54,10,7,2,1,10,1575 us,1571 us
CKKSrns_Sub,128,15,28,54,10,7,2,2,10,1551 us,1547 us
CKKSrns_Sub,128,15,28,54,10,7,3,0,10,1559 us,1555 us
CKKSrns_Sub,128,15,28,54,10,7,3,1,10,1588 us,1582 us
CKKSrns_Sub,128,15,28,54,10,7,3,2,10,1550 us,1545 us
CKKSrns_Sub,128,15,28,54,10,7,3,3,10,1604 us,1598 us
CKKSrns_Sub,128,15,28,54,10,7,4,0,10,1563 us,1560 us
CKKSrns_Sub,128,15,28,54,10,7,4,1,10,1629 us,1625 us
CKKSrns_Sub,128,15,28,54,10,7,4,2,10,2415 us,2408 us
CKKSrns_Sub,128,15,28,54,10,7,4,3,10,2412 us,2405 us
CKKSrns_Sub,128,15,28,54,10,7,4,4,10,1558 us,1553 us
CKKSrns_Sub,128,15,28,54,10,7,5,0,10,1561 us,1556 us
CKKSrns_Sub,128,15,28,54,10,7,5,1,10,1543 us,1539 us
CKKSrns_Sub,128,15,28,54,10,7,5,2,10,1637 us,1632 us
CKKSrns_Sub,128,15,28,54,10,7,5,3,10,1655 us,1650 us
CKKSrns_Sub,128,15,28,54,10,7,5,4,10,1619 us,1615 us
CKKSrns_Sub,128,15,28,54,10,7,5,5,10,1658 us,1653 us
CKKSrns_Sub,128,15,28,54,10,7,6,0,10,1650 us,1645 us
CKKSrns_Sub,128,15,28,54,10,7,6,1,10,1644 us,1639 us
CKKSrns_Sub,128,15,28,54,10,7,6,2,10,1553 us,1548 us
CKKSrns_Sub,128,15,28,54,10,7,6,3,10,1564 us,1559 us
CKKSrns_Sub,128,15,28,54,10,7,6,4,10,1565 us,1558 us
CKKSrns_Sub,128,15,28,54,10,7,6,5,10,1558 us,1552 us
CKKSrns_Sub,128,15,28,54,10,7,6,6,10,1539 us,1533 us
CKKSrns_Sub,128,15,28,54,10,7,7,0,10,1625 us,1620 us
CKKSrns_Sub,128,15,28,54,10,7,7,1,10,1655 us,1649 us
CKKSrns_Sub,128,15,28,54,10,7,7,2,10,1518 us,1515 us
CKKSrns_Sub,128,15,28,54,10,7,7,3,10,1527 us,1523 us
CKKSrns_Sub,128,15,28,54,10,7,7,4,10,1576 us,1571 us
CKKSrns_Sub,128,15,28,54,10,7,7,5,10,1626 us,1621 us
CKKSrns_Sub,128,15,28,54,10,7,7,6,10,1624 us,1620 us
CKKSrns_Sub,128,15,28,54,10,7,7,7,10,1585 us,1579 us
CKKSrns_Sub,128,15,28,54,10,7,8,0,10,1600 us,1595 us
CKKSrns_Sub,128,15,28,54,10,7,8,1,10,1760 us,1755 us
CKKSrns_Sub,128,15,28,54,10,7,8,2,10,1520 us,1515 us
CKKSrns_Sub,128,15,28,54,10,7,8,3,10,1522 us,1518 us
CKKSrns_Sub,128,15,28,54,10,7,8,4,10,1524 us,1519 us
CKKSrns_Sub,128,15,28,54,10,7,8,5,10,2030 us,2024 us
CKKSrns_Sub,128,15,28,54,10,7,8,6,10,1516 us,1512 us
CKKSrns_Sub,128,15,28,54,10,7,8,7,10,1520 us,1515 us
CKKSrns_Sub,128,15,28,54,10,7,8,8,10,1510 us,1505 us
CKKSrns_Sub,128,15,28,54,10,7,9,0,10,1521 us,1516 us
CKKSrns_Sub,128,15,28,54,10,7,9,1,10,1698 us,1693 us
CKKSrns_Sub,128,15,28,54,10,7,9,2,10,1529 us,1524 us
CKKSrns_Sub,128,15,28,54,10,7,9,3,10,1514 us,1509 us
CKKSrns_Sub,128,15,28,54,10,7,9,4,10,1622 us,1617 us
CKKSrns_Sub,128,15,28,54,10,7,9,5,10,1522 us,1517 us
CKKSrns_Sub,128,15,28,54,10,7,9,6,10,1519 us,1514 us
CKKSrns_Sub,128,15,28,54,10,7,9,7,10,1524 us,1519 us
CKKSrns_Sub,128,15,28,54,10,7,9,8,10,1521 us,1517 us
CKKSrns_Sub,128,15,28,54,10,7,9,9,10,1629 us,1624 us
CKKSrns_Sub,128,15,28,54,10,7,10,0,10,1641 us,1636 us
CKKSrns_Sub,128,15,28,54,10,7,10,1,10,1542 us,1538 us
CKKSrns_Sub,128,15,28,54,10,7,10,2,10,1512 us,1507 us
CKKSrns_Sub,128,15,28,54,10,7,10,3,10,1521 us,1517 us
CKKSrns_Sub,128,15,28,54,10,7,10,4,10,1514 us,1509 us
CKKSrns_Sub,128,15,28,54,10,7,10,5,10,1514 us,1510 us
CKKSrns_Sub,128,15,28,54,10,7,10,6,10,2303 us,2297 us
CKKSrns_Sub,128,15,28,54,10,7,10,7,10,1551 us,1545 us
CKKSrns_Sub,128,15,28,54,10,7,10,8,10,1556 us,1552 us
CKKSrns_Sub,128,15,28,54,10,7,10,9,10,1549 us,1545 us
CKKSrns_Sub,128,15,28,54,10,7,10,10,10,1551 us,1546 us
CKKSrns_Sub_plaintext,128,15,28,54,10,7,0,N/A_value,10,1771 us,1763 us
CKKSrns_Sub_plaintext,128,15,28,54,10,7,1,N/A_value,10,1839 us,1831 us
CKKSrns_Sub_plaintext,128,15,28,54,10,7,2,N/A_value,10,2722 us,2713 us
CKKSrns_Sub_plaintext,128,15,28,54,10,7,3,N/A_value,10,1657 us,1652 us
CKKSrns_Sub_plaintext,128,15,28,54,10,7,4,N/A_value,10,1673 us,1668 us
CKKSrns_Sub_plaintext,128,15,28,54,10,7,5,N/A_value,10,1988 us,1982 us
CKKSrns_Sub_plaintext,128,15,28,54,10,7,6,N/A_value,10,1962 us,1956 us
CKKSrns_Sub_plaintext,128,15,28,54,10,7,7,N/A_value,10,1899 us,1894 us
CKKSrns_Sub_plaintext,128,15,28,54,10,7,8,N/A_value,10,2177 us,2171 us
CKKSrns_Sub_plaintext,128,15,28,54,10,7,9,N/A_value,10,2960 us,2953 us
CKKSrns_Sub_plaintext,128,15,28,54,10,7,10,N/A_value,10,3957 us,3947 us
CKKSrns_Mult,128,15,28,54,10,7,0,0,10,58341 us,58143 us
CKKSrns_Mult,128,15,28,54,10,7,1,0,10,53757 us,53580 us
CKKSrns_Mult,128,15,28,54,10,7,1,1,10,50965 us,50780 us
CKKSrns_Mult,128,15,28,54,10,7,2,0,10,55429 us,55232 us
CKKSrns_Mult,128,15,28,54,10,7,2,1,10,54745 us,54512 us
CKKSrns_Mult,128,15,28,54,10,7,2,2,10,54263 us,54076 us
CKKSrns_Mult,128,15,28,54,10,7,3,0,10,54023 us,53852 us
CKKSrns_Mult,128,15,28,54,10,7,3,1,10,51153 us,51003 us
CKKSrns_Mult,128,15,28,54,10,7,3,2,10,52378 us,52216 us
CKKSrns_Mult,128,15,28,54,10,7,3,3,10,53050 us,52896 us
CKKSrns_Mult,128,15,28,54,10,7,4,0,10,55398 us,55228 us
CKKSrns_Mult,128,15,28,54,10,7,4,1,10,51530 us,51387 us
CKKSrns_Mult,128,15,28,54,10,7,4,2,10,54734 us,54555 us
CKKSrns_Mult,128,15,28,54,10,7,4,3,10,53263 us,53086 us
CKKSrns_Mult,128,15,28,54,10,7,4,4,10,53809 us,53645 us
CKKSrns_Mult,128,15,28,54,10,7,5,0,10,54483 us,54324 us
CKKSrns_Mult,128,15,28,54,10,7,5,1,10,52309 us,52150 us
CKKSrns_Mult,128,15,28,54,10,7,5,2,10,52552 us,52380 us
CKKSrns_Mult,128,15,28,54,10,7,5,3,10,52056 us,51903 us
CKKSrns_Mult,128,15,28,54,10,7,5,4,10,52152 us,52001 us
CKKSrns_Mult,128,15,28,54,10,7,5,5,10,54028 us,53851 us
CKKSrns_Mult,128,15,28,54,10,7,6,0,10,55808 us,55638 us
CKKSrns_Mult,128,15,28,54,10,7,6,1,10,51723 us,51569 us
CKKSrns_Mult,128,15,28,54,10,7,6,2,10,53726 us,53549 us
CKKSrns_Mult,128,15,28,54,10,7,6,3,10,52016 us,51851 us
CKKSrns_Mult,128,15,28,54,10,7,6,4,10,53936 us,53758 us
CKKSrns_Mult,128,15,28,54,10,7,6,5,10,52114 us,51953 us
CKKSrns_Mult,128,15,28,54,10,7,6,6,10,57856 us,57588 us
CKKSrns_Mult,128,15,28,54,10,7,7,0,10,56105 us,55914 us
CKKSrns_Mult,128,15,28,54,10,7,7,1,10,52888 us,52691 us
CKKSrns_Mult,128,15,28,54,10,7,7,2,10,52113 us,51935 us
CKKSrns_Mult,128,15,28,54,10,7,7,3,10,53088 us,52905 us
CKKSrns_Mult,128,15,28,54,10,7,7,4,10,52877 us,52689 us
CKKSrns_Mult,128,15,28,54,10,7,7,5,10,52175 us,52035 us
CKKSrns_Mult,128,15,28,54,10,7,7,6,10,54065 us,53880 us
CKKSrns_Mult,128,15,28,54,10,7,7,7,10,53769 us,53576 us
CKKSrns_Mult,128,15,28,54,10,7,8,0,10,55609 us,55398 us
CKKSrns_Mult,128,15,28,54,10,7,8,1,10,54240 us,54018 us
CKKSrns_Mult,128,15,28,54,10,7,8,2,10,55223 us,55015 us
CKKSrns_Mult,128,15,28,54,10,7,8,3,10,52385 us,52208 us
CKKSrns_Mult,128,15,28,54,10,7,8,4,10,54150 us,53951 us
CKKSrns_Mult,128,15,28,54,10,7,8,5,10,56469 us,56258 us
CKKSrns_Mult,128,15,28,54,10,7,8,6,10,53078 us,52931 us
CKKSrns_Mult,128,15,28,54,10,7,8,7,10,52036 us,51880 us
CKKSrns_Mult,128,15,28,54,10,7,8,8,10,53062 us,52889 us
CKKSrns_Mult,128,15,28,54,10,7,9,0,10,54069 us,53862 us
CKKSrns_Mult,128,15,28,54,10,7,9,1,10,51020 us,50860 us
CKKSrns_Mult,128,15,28,54,10,7,9,2,10,51883 us,51718 us
CKKSrns_Mult,128,15,28,54,10,7,9,3,10,53013 us,52847 us
CKKSrns_Mult,128,15,28,54,10,7,9,4,10,53558 us,53379 us
CKKSrns_Mult,128,15,28,54,10,7,9,5,10,52814 us,52645 us
CKKSrns_Mult,128,15,28,54,10,7,9,6,10,52586 us,52423 us
CKKSrns_Mult,128,15,28,54,10,7,9,7,10,52193 us,52039 us
CKKSrns_Mult,128,15,28,54,10,7,9,8,10,53967 us,53778 us
CKKSrns_Mult,128,15,28,54,10,7,9,9,10,52083 us,51904 us
CKKSrns_Mult_plaintext,128,15,28,54,10,7,0,N/A_value,10,946 us,943 us
CKKSrns_Mult_plaintext,128,15,28,54,10,7,1,N/A_value,10,860 us,857 us
CKKSrns_Mult_plaintext,128,15,28,54,10,7,2,N/A_value,10,857 us,853 us
CKKSrns_Mult_plaintext,128,15,28,54,10,7,3,N/A_value,10,768 us,765 us
CKKSrns_Mult_plaintext,128,15,28,54,10,7,4,N/A_value,10,797 us,793 us
CKKSrns_Mult_plaintext,128,15,28,54,10,7,5,N/A_value,10,820 us,817 us
CKKSrns_Mult_plaintext,128,15,28,54,10,7,6,N/A_value,10,777 us,774 us
CKKSrns_Mult_plaintext,128,15,28,54,10,7,7,N/A_value,10,774 us,771 us
CKKSrns_Mult_plaintext,128,15,28,54,10,7,8,N/A_value,10,848 us,845 us
CKKSrns_Mult_plaintext,128,15,28,54,10,7,9,N/A_value,10,806 us,803 us
CKKSrns_MultNoRelin,128,15,28,54,10,7,0,0,10,7179 us,7159 us
CKKSrns_MultNoRelin,128,15,28,54,10,7,1,0,10,3430 us,3419 us
CKKSrns_MultNoRelin,128,15,28,54,10,7,1,1,10,3535 us,3523 us
CKKSrns_MultNoRelin,128,15,28,54,10,7,2,0,10,6033 us,6017 us
CKKSrns_MultNoRelin,128,15,28,54,10,7,2,1,10,3946 us,3933 us
CKKSrns_MultNoRelin,128,15,28,54,10,7,2,2,10,3887 us,3876 us
CKKSrns_MultNoRelin,128,15,28,54,10,7,3,0,10,4787 us,4772 us
CKKSrns_MultNoRelin,128,15,28,54,10,7,3,1,10,4006 us,3992 us
CKKSrns_MultNoRelin,128,15,28,54,10,7,3,2,10,3552 us,3540 us
CKKSrns_MultNoRelin,128,15,28,54,10,7,3,3,10,3599 us,3588 us
CKKSrns_MultNoRelin,128,15,28,54,10,7,4,0,10,5273 us,5256 us
CKKSrns_MultNoRelin,128,15,28,54,10,7,4,1,10,3449 us,3438 us
CKKSrns_MultNoRelin,128,15,28,54,10,7,4,2,10,3498 us,3486 us
CKKSrns_MultNoRelin,128,15,28,54,10,7,4,3,10,3515 us,3503 us
CKKSrns_MultNoRelin,128,15,28,54,10,7,4,4,10,3485 us,3472 us
CKKSrns_MultNoRelin,128,15,28,54,10,7,5,0,10,4362 us,4348 us
CKKSrns_MultNoRelin,128,15,28,54,10,7,5,1,10,3407 us,3394 us
CKKSrns_MultNoRelin,128,15,28,54,10,7,5,2,10,3805 us,3795 us
CKKSrns_MultNoRelin,128,15,28,54,10,7,5,3,10,3594 us,3582 us
CKKSrns_MultNoRelin,128,15,28,54,10,7,5,4,10,3555 us,3544 us
CKKSrns_MultNoRelin,128,15,28,54,10,7,5,5,10,3576 us,3565 us
CKKSrns_MultNoRelin,128,15,28,54,10,7,6,0,10,5155 us,5143 us
CKKSrns_MultNoRelin,128,15,28,54,10,7,6,1,10,4541 us,4526 us
CKKSrns_MultNoRelin,128,15,28,54,10,7,6,2,10,3438 us,3428 us
CKKSrns_MultNoRelin,128,15,28,54,10,7,6,3,10,3513 us,3500 us
CKKSrns_MultNoRelin,128,15,28,54,10,7,6,4,10,3579 us,3565 us
CKKSrns_MultNoRelin,128,15,28,54,10,7,6,5,10,3515 us,3505 us
CKKSrns_MultNoRelin,128,15,28,54,10,7,6,6,10,3735 us,3724 us
CKKSrns_MultNoRelin,128,15,28,54,10,7,7,0,10,4218 us,4206 us
CKKSrns_MultNoRelin,128,15,28,54,10,7,7,1,10,3512 us,3502 us
CKKSrns_MultNoRelin,128,15,28,54,10,7,7,2,10,3528 us,3519 us
CKKSrns_MultNoRelin,128,15,28,54,10,7,7,3,10,3839 us,3822 us
CKKSrns_MultNoRelin,128,15,28,54,10,7,7,4,10,3399 us,3389 us
CKKSrns_MultNoRelin,128,15,28,54,10,7,7,5,10,3379 us,3369 us
CKKSrns_MultNoRelin,128,15,28,54,10,7,7,6,10,3382 us,3374 us
CKKSrns_MultNoRelin,128,15,28,54,10,7,7,7,10,3468 us,3459 us
CKKSrns_MultNoRelin,128,15,28,54,10,7,8,0,10,5587 us,5573 us
CKKSrns_MultNoRelin,128,15,28,54,10,7,8,1,10,3366 us,3359 us
CKKSrns_MultNoRelin,128,15,28,54,10,7,8,2,10,3394 us,3387 us
CKKSrns_MultNoRelin,128,15,28,54,10,7,8,3,10,3367 us,3359 us
CKKSrns_MultNoRelin,128,15,28,54,10,7,8,4,10,3378 us,3370 us
CKKSrns_MultNoRelin,128,15,28,54,10,7,8,5,10,3532 us,3522 us
CKKSrns_MultNoRelin,128,15,28,54,10,7,8,6,10,3512 us,3502 us
CKKSrns_MultNoRelin,128,15,28,54,10,7,8,7,10,3401 us,3393 us
CKKSrns_MultNoRelin,128,15,28,54,10,7,8,8,10,3657 us,3648 us
CKKSrns_MultNoRelin,128,15,28,54,10,7,9,0,10,4052 us,4043 us
CKKSrns_MultNoRelin,128,15,28,54,10,7,9,1,10,3356 us,3348 us
CKKSrns_MultNoRelin,128,15,28,54,10,7,9,2,10,3430 us,3420 us
CKKSrns_MultNoRelin,128,15,28,54,10,7,9,3,10,3446 us,3438 us
CKKSrns_MultNoRelin,128,15,28,54,10,7,9,4,10,3471 us,3461 us
CKKSrns_MultNoRelin,128,15,28,54,10,7,9,5,10,3533 us,3523 us
CKKSrns_MultNoRelin,128,15,28,54,10,7,9,6,10,3445 us,3432 us
CKKSrns_MultNoRelin,128,15,28,54,10,7,9,7,10,3443 us,3433 us
CKKSrns_MultNoRelin,128,15,28,54,10,7,9,8,10,3471 us,3462 us
CKKSrns_MultNoRelin,128,15,28,54,10,7,9,9,10,3480 us,3471 us
CKKSrns_MultRelin,128,15,28,54,10,7,0,0,10,57170 us,56979 us
CKKSrns_MultRelin,128,15,28,54,10,7,1,0,10,53305 us,53119 us
CKKSrns_MultRelin,128,15,28,54,10,7,1,1,10,50515 us,50374 us
CKKSrns_MultRelin,128,15,28,54,10,7,2,0,10,54640 us,54500 us
CKKSrns_MultRelin,128,15,28,54,10,7,2,1,10,51203 us,51048 us
CKKSrns_MultRelin,128,15,28,54,10,7,2,2,10,53057 us,52914 us
CKKSrns_MultRelin,128,15,28,54,10,7,3,0,10,53830 us,53680 us
CKKSrns_MultRelin,128,15,28,54,10,7,3,1,10,51399 us,51246 us
CKKSrns_MultRelin,128,15,28,54,10,7,3,2,10,52157 us,52008 us
CKKSrns_MultRelin,128,15,28,54,10,7,3,3,10,52326 us,52174 us
CKKSrns_MultRelin,128,15,28,54,10,7,4,0,10,55552 us,55376 us
CKKSrns_MultRelin,128,15,28,54,10,7,4,1,10,52260 us,52080 us
CKKSrns_MultRelin,128,15,28,54,10,7,4,2,10,55612 us,55398 us
CKKSrns_MultRelin,128,15,28,54,10,7,4,3,10,56928 us,56713 us
CKKSrns_MultRelin,128,15,28,54,10,7,4,4,10,55031 us,54748 us
CKKSrns_MultRelin,128,15,28,54,10,7,5,0,10,54926 us,54724 us
CKKSrns_MultRelin,128,15,28,54,10,7,5,1,10,51710 us,51492 us
CKKSrns_MultRelin,128,15,28,54,10,7,5,2,10,52286 us,52106 us
CKKSrns_MultRelin,128,15,28,54,10,7,5,3,10,52301 us,52127 us
CKKSrns_MultRelin,128,15,28,54,10,7,5,4,10,53034 us,52862 us
CKKSrns_MultRelin,128,15,28,54,10,7,5,5,10,52473 us,52281 us
CKKSrns_MultRelin,128,15,28,54,10,7,6,0,10,54997 us,54797 us
CKKSrns_MultRelin,128,15,28,54,10,7,6,1,10,50479 us,50312 us
CKKSrns_MultRelin,128,15,28,54,10,7,6,2,10,52469 us,52309 us
CKKSrns_MultRelin,128,15,28,54,10,7,6,3,10,51585 us,51422 us
CKKSrns_MultRelin,128,15,28,54,10,7,6,4,10,52498 us,52334 us
CKKSrns_MultRelin,128,15,28,54,10,7,6,5,10,52189 us,52014 us
CKKSrns_MultRelin,128,15,28,54,10,7,6,6,10,54008 us,53823 us
CKKSrns_MultRelin,128,15,28,54,10,7,7,0,10,53223 us,53040 us
CKKSrns_MultRelin,128,15,28,54,10,7,7,1,10,50562 us,50366 us
CKKSrns_MultRelin,128,15,28,54,10,7,7,2,10,51720 us,51546 us
CKKSrns_MultRelin,128,15,28,54,10,7,7,3,10,52018 us,51854 us
CKKSrns_MultRelin,128,15,28,54,10,7,7,4,10,51715 us,51551 us
CKKSrns_MultRelin,128,15,28,54,10,7,7,5,10,52278 us,52106 us
CKKSrns_MultRelin,128,15,28,54,10,7,7,6,10,51659 us,51496 us
CKKSrns_MultRelin,128,15,28,54,10,7,7,7,10,51353 us,51189 us
CKKSrns_MultRelin,128,15,28,54,10,7,8,0,10,54122 us,53956 us
CKKSrns_MultRelin,128,15,28,54,10,7,8,1,10,50491 us,50336 us
CKKSrns_MultRelin,128,15,28,54,10,7,8,2,10,52426 us,52245 us
CKKSrns_MultRelin,128,15,28,54,10,7,8,3,10,51637 us,51475 us
CKKSrns_MultRelin,128,15,28,54,10,7,8,4,10,52650 us,52504 us
CKKSrns_MultRelin,128,15,28,54,10,7,8,5,10,52627 us,52463 us
CKKSrns_MultRelin,128,15,28,54,10,7,8,6,10,53128 us,52964 us
CKKSrns_MultRelin,128,15,28,54,10,7,8,7,10,52815 us,52649 us
CKKSrns_MultRelin,128,15,28,54,10,7,8,8,10,52602 us,52444 us
CKKSrns_MultRelin,128,15,28,54,10,7,9,0,10,53810 us,53643 us
CKKSrns_MultRelin,128,15,28,54,10,7,9,1,10,50363 us,50213 us
CKKSrns_MultRelin,128,15,28,54,10,7,9,2,10,52747 us,52561 us
CKKSrns_MultRelin,128,15,28,54,10,7,9,3,10,53020 us,52822 us
CKKSrns_MultRelin,128,15,28,54,10,7,9,4,10,52040 us,51859 us
CKKSrns_MultRelin,128,15,28,54,10,7,9,5,10,53235 us,53048 us
CKKSrns_MultRelin,128,15,28,54,10,7,9,6,10,52548 us,52395 us
CKKSrns_MultRelin,128,15,28,54,10,7,9,7,10,52448 us,52267 us
CKKSrns_MultRelin,128,15,28,54,10,7,9,8,10,52043 us,51880 us
CKKSrns_MultRelin,128,15,28,54,10,7,9,9,10,52088 us,51917 us
CKKSrns_Add,128,15,38,56,10,17,0,0,20,2010 us,2004 us
CKKSrns_Add,128,15,38,56,10,17,1,0,20,2020 us,2015 us
CKKSrns_Add,128,15,38,56,10,17,1,1,20,1952 us,1945 us
CKKSrns_Add,128,15,38,56,10,17,2,0,20,2052 us,2046 us
CKKSrns_Add,128,15,38,56,10,17,2,1,20,2059 us,2054 us
CKKSrns_Add,128,15,38,56,10,17,2,2,20,2055 us,2049 us
CKKSrns_Add,128,15,38,56,10,17,3,0,20,2039 us,2033 us
CKKSrns_Add,128,15,38,56,10,17,3,1,20,1442 us,1438 us
CKKSrns_Add,128,15,38,56,10,17,3,2,20,1446 us,1442 us
CKKSrns_Add,128,15,38,56,10,17,3,3,20,1447 us,1443 us
CKKSrns_Add,128,15,38,56,10,17,4,0,20,1435 us,1431 us
CKKSrns_Add,128,15,38,56,10,17,4,1,20,1451 us,1447 us
CKKSrns_Add,128,15,38,56,10,17,4,2,20,1529 us,1525 us
CKKSrns_Add,128,15,38,56,10,17,4,3,20,1437 us,1433 us
CKKSrns_Add,128,15,38,56,10,17,4,4,20,1500 us,1497 us
CKKSrns_Add,128,15,38,56,10,17,5,0,20,1443 us,1439 us
CKKSrns_Add,128,15,38,56,10,17,5,1,20,1435 us,1430 us
CKKSrns_Add,128,15,38,56,10,17,5,2,20,1433 us,1429 us
CKKSrns_Add,128,15,38,56,10,17,5,3,20,1440 us,1437 us
CKKSrns_Add,128,15,38,56,10,17,5,4,20,1425 us,1421 us
CKKSrns_Add,128,15,38,56,10,17,5,5,20,1435 us,1431 us
CKKSrns_Add,128,15,38,56,10,17,6,0,20,1311 us,1307 us
CKKSrns_Add,128,15,38,56,10,17,6,1,20,1336 us,1331 us
CKKSrns_Add,128,15,38,56,10,17,6,2,20,1332 us,1328 us
CKKSrns_Add,128,15,38,56,10,17,6,3,20,1314 us,1310 us
CKKSrns_Add,128,15,38,56,10,17,6,4,20,1307 us,1303 us
CKKSrns_Add,128,15,38,56,10,17,6,5,20,1311 us,1307 us
CKKSrns_Add,128,15,38,56,10,17,6,6,20,1302 us,1298 us
CKKSrns_Add,128,15,38,56,10,17,7,0,20,1443 us,1437 us
CKKSrns_Add,128,15,38,56,10,17,7,1,20,1427 us,1423 us
CKKSrns_Add,128,15,38,56,10,17,7,2,20,1298 us,1295 us
CKKSrns_Add,128,15,38,56,10,17,7,3,20,1985 us,1979 us
CKKSrns_Add,128,15,38,56,10,17,7,4,20,2207 us,2200 us
CKKSrns_Add,128,15,38,56,10,17,7,5,20,1344 us,1339 us
CKKSrns_Add,128,15,38,56,10,17,7,6,20,1334 us,1330 us
CKKSrns_Add,128,15,38,56,10,17,7,7,20,1323 us,1319 us
CKKSrns_Add,128,15,38,56,10,17,8,0,20,1596 us,1591 us
CKKSrns_Add,128,15,38,56,10,17,8,1,20,1527 us,1521 us
CKKSrns_Add,128,15,38,56,10,17,8,2,20,1550 us,1545 us
CKKSrns_Add,128,15,38,56,10,17,8,3,20,1341 us,1336 us
CKKSrns_Add,128,15,38,56,10,17,8,4,20,1336 us,1331 us
CKKSrns_Add,128,15,38,56,10,17,8,5,20,1340 us,1335 us
CKKSrns_Add,128,15,38,56,10,17,8,6,20,1338 us,1334 us
CKKSrns_Add,128,15,38,56,10,17,8,7,20,1353 us,1348 us
CKKSrns_Add,128,15,38,56,10,17,8,8,20,1354 us,1349 us
CKKSrns_Add,128,15,38,56,10,17,9,0,20,1469 us,1464 us
CKKSrns_Add,128,15,38,56,10,17,9,1,20,1336 us,1331 us
CKKSrns_Add,128,15,38,56,10,17,9,2,20,1325 us,1322 us
CKKSrns_Add,128,15,38,56,10,17,9,3,20,1435 us,1431 us
CKKSrns_Add,128,15,38,56,10,17,9,4,20,1316 us,1310 us
CKKSrns_Add,128,15,38,56,10,17,9,5,20,2288 us,2279 us
CKKSrns_Add,128,15,38,56,10,17,9,6,20,1331 us,1328 us
CKKSrns_Add,128,15,38,56,10,17,9,7,20,1342 us,1337 us
CKKSrns_Add,128,15,38,56,10,17,9,8,20,2275 us,2269 us
CKKSrns_Add,128,15,38,56,10,17,9,9,20,1359 us,1354 us
CKKSrns_Add,128,15,38,56,10,17,10,0,20,1496 us,1492 us
CKKSrns_Add,128,15,38,56,10,17,10,1,20,1305 us,1302 us
CKKSrns_Add,128,15,38,56,10,17,10,2,20,1303 us,1299 us
CKKSrns_Add,128,15,38,56,10,17,10,3,20,1467 us,1463 us
CKKSrns_Add,128,15,38,56,10,17,10,4,20,2224 us,2217 us
CKKSrns_Add,128,15,38,56,10,17,10,5,20,1323 us,1320 us
CKKSrns_Add,128,15,38,56,10,17,10,6,20,1426 us,1422 us
CKKSrns_Add,128,15,38,56,10,17,10,7,20,1463 us,1459 us
CKKSrns_Add,128,15,38,56,10,17,10,8,20,1298 us,1294 us
CKKSrns_Add,128,15,38,56,10,17,10,9,20,1349 us,1344 us
CKKSrns_Add,128,15,38,56,10,17,10,10,20,2273 us,2267 us
CKKSrns_Add_plaintext,128,15,38,56,10,17,0,N/A_value,20,724 us,722 us
CKKSrns_Add_plaintext,128,15,38,56,10,17,1,N/A_value,20,808 us,805 us
CKKSrns_Add_plaintext,128,15,38,56,10,17,2,N/A_value,20,813 us,810 us
CKKSrns_Add_plaintext,128,15,38,56,10,17,3,N/A_value,20,807 us,804 us
CKKSrns_Add_plaintext,128,15,38,56,10,17,4,N/A_value,20,806 us,803 us
CKKSrns_Add_plaintext,128,15,38,56,10,17,5,N/A_value,20,862 us,859 us
CKKSrns_Add_plaintext,128,15,38,56,10,17,6,N/A_value,20,950 us,947 us
CKKSrns_Add_plaintext,128,15,38,56,10,17,7,N/A_value,20,1132 us,1125 us
CKKSrns_Add_plaintext,128,15,38,56,10,17,8,N/A_value,20,1556 us,1551 us
CKKSrns_Add_plaintext,128,15,38,56,10,17,9,N/A_value,20,2557 us,2550 us
CKKSrns_Add_plaintext,128,15,38,56,10,17,10,N/A_value,20,3805 us,3796 us
CKKSrns_Sub,128,15,38,56,10,17,0,0,20,2204 us,2198 us
CKKSrns_Sub,128,15,38,56,10,17,1,0,20,1517 us,1512 us
CKKSrns_Sub,128,15,38,56,10,17,1,1,20,1668 us,1662 us
CKKSrns_Sub,128,15,38,56,10,17,2,0,20,1632 us,1627 us
CKKSrns_Sub,128,15,38,56,10,17,2,1,20,1617 us,1613 us
CKKSrns_Sub,128,15,38,56,10,17,2,2,20,1513 us,1508 us
CKKSrns_Sub,128,15,38,56,10,17,3,0,20,1522 us,1517 us
CKKSrns_Sub,128,15,38,56,10,17,3,1,20,1514 us,1509 us
CKKSrns_Sub,128,15,38,56,10,17,3,2,20,1513 us,1508 us
CKKSrns_Sub,128,15,38,56,10,17,3,3,20,1521 us,1517 us
CKKSrns_Sub,128,15,38,56,10,17,4,0,20,1527 us,1524 us
CKKSrns_Sub,128,15,38,56,10,17,4,1,20,1515 us,1511 us
CKKSrns_Sub,128,15,38,56,10,17,4,2,20,1514 us,1509 us
CKKSrns_Sub,128,15,38,56,10,17,4,3,20,1599 us,1593 us
CKKSrns_Sub,128,15,38,56,10,17,4,4,20,2293 us,2286 us
CKKSrns_Sub,128,15,38,56,10,17,5,0,20,1726 us,1719 us
CKKSrns_Sub,128,15,38,56,10,17,5,1,20,1534 us,1529 us
CKKSrns_Sub,128,15,38,56,10,17,5,2,20,1555 us,1550 us
CKKSrns_Sub,128,15,38,56,10,17,5,3,20,1553 us,1549 us
CKKSrns_Sub,128,15,38,56,10,17,5,4,20,1752 us,1746 us
CKKSrns_Sub,128,15,38,56,10,17,5,5,20,1620 us,1615 us
CKKSrns_Sub,128,15,38,56,10,17,6,0,20,1555 us,1550 us
CKKSrns_Sub,128,15,38,56,10,17,6,1,20,1559 us,1554 us
CKKSrns_Sub,128,15,38,56,10,17,6,2,20,1547 us,1542 us
CKKSrns_Sub,128,15,38,56,10,17,6,3,20,1561 us,1556 us
CKKSrns_Sub,128,15,38,56,10,17,6,4,20,1636 us,1630 us
CKKSrns_Sub,128,15,38,56,10,17,6,5,20,1556 us,1551 us
CKKSrns_Sub,128,15,38,56,10,17,6,6,20,1547 us,1541 us
CKKSrns_Sub,128,15,38,56,10,17,7,0,20,1557 us,1552 us
CKKSrns_Sub,128,15,38,56,10,17,7,1,20,1583 us,1578 us
CKKSrns_Sub,128,15,38,56,10,17,7,2,20,1576 us,1570 us
CKKSrns_Sub,128,15,38,56,10,17,7,3,20,1554 us,1549 us
CKKSrns_Sub,128,15,38,56,10,17,7,4,20,1660 us,1654 us
CKKSrns_Sub,128,15,38,56,10,17,7,5,20,1713 us,1705 us
CKKSrns_Sub,128,15,38,56,10,17,7,6,20,1621 us,1615 us
CKKSrns_Sub,128,15,38,56,10,17,7,7,20,1540 us,1535 us
CKKSrns_Sub,128,15,38,56,10,17,8,0,20,1649 us,1644 us
CKKSrns_Sub,128,15,38,56,10,17,8,1,20,1552 us,1547 us
CKKSrns_Sub,128,15,38,56,10,17,8,2,20,1558 us,1553 us
CKKSrns_Sub,128,15,38,56,10,17,8,3,20,1669 us,1664 us
CKKSrns_Sub,128,15,38,56,10,17,8,4,20,1679 us,1674 us
CKKSrns_Sub,128,15,38,56,10,17,8,5,20,1668 us,1663 us
CKKSrns_Sub,128,15,38,56,10,17,8,6,20,1537 us,1532 us
CKKSrns_Sub,128,15,38,56,10,17,8,7,20,2286 us,2279 us
CKKSrns_Sub,128,15,38,56,10,17,8,8,20,1549 us,1545 us
CKKSrns_Sub,128,15,38,56,10,17,9,0,20,1654 us,1650 us
CKKSrns_Sub,128,15,38,56,10,17,9,1,20,1657 us,1652 us
CKKSrns_Sub,128,15,38,56,10,17,9,2,20,1659 us,1654 us
CKKSrns_Sub,128,15,38,56,10,17,9,3,20,1775 us,1770 us
CKKSrns_Sub,128,15,38,56,10,17,9,4,20,1769 us,1763 us
CKKSrns_Sub,128,15,38,56,10,17,9,5,20,1542 us,1537 us
CKKSrns_Sub,128,15,38,56,10,17,9,6,20,1601 us,1596 us
CKKSrns_Sub,128,15,38,56,10,17,9,7,20,1558 us,1553 us
CKKSrns_Sub,128,15,38,56,10,17,9,8,20,1664 us,1659 us
CKKSrns_Sub,128,15,38,56,10,17,9,9,20,1551 us,1545 us
CKKSrns_Sub,128,15,38,56,10,17,10,0,20,1566 us,1561 us
CKKSrns_Sub,128,15,38,56,10,17,10,1,20,1543 us,1538 us
CKKSrns_Sub,128,15,38,56,10,17,10,2,20,1614 us,1608 us
CKKSrns_Sub,128,15,38,56,10,17,10,3,20,1640 us,1635 us
CKKSrns_Sub,128,15,38,56,10,17,10,4,20,1660 us,1655 us
CKKSrns_Sub,128,15,38,56,10,17,10,5,20,1681 us,1675 us
CKKSrns_Sub,128,15,38,56,10,17,10,6,20,1558 us,1553 us
CKKSrns_Sub,128,15,38,56,10,17,10,7,20,1554 us,1548 us
CKKSrns_Sub,128,15,38,56,10,17,10,8,20,1556 us,1550 us
CKKSrns_Sub,128,15,38,56,10,17,10,9,20,1546 us,1541 us
CKKSrns_Sub,128,15,38,56,10,17,10,10,20,1557 us,1552 us
CKKSrns_Sub_plaintext,128,15,38,56,10,17,0,N/A_value,20,1739 us,1734 us
CKKSrns_Sub_plaintext,128,15,38,56,10,17,1,N/A_value,20,1821 us,1815 us
CKKSrns_Sub_plaintext,128,15,38,56,10,17,2,N/A_value,20,1806 us,1799 us
CKKSrns_Sub_plaintext,128,15,38,56,10,17,3,N/A_value,20,2117 us,2110 us
CKKSrns_Sub_plaintext,128,15,38,56,10,17,4,N/A_value,20,1993 us,1986 us
CKKSrns_Sub_plaintext,128,15,38,56,10,17,5,N/A_value,20,2065 us,2059 us
CKKSrns_Sub_plaintext,128,15,38,56,10,17,6,N/A_value,20,1915 us,1909 us
CKKSrns_Sub_plaintext,128,15,38,56,10,17,7,N/A_value,20,2667 us,2659 us
CKKSrns_Sub_plaintext,128,15,38,56,10,17,8,N/A_value,20,2472 us,2464 us
CKKSrns_Sub_plaintext,128,15,38,56,10,17,9,N/A_value,20,3707 us,3696 us
CKKSrns_Sub_plaintext,128,15,38,56,10,17,10,N/A_value,20,5301 us,5281 us
CKKSrns_Mult,128,15,38,56,10,17,0,0,20,58802 us,58579 us
CKKSrns_Mult,128,15,38,56,10,17,1,0,20,53516 us,53320 us
CKKSrns_Mult,128,15,38,56,10,17,1,1,20,50390 us,50228 us
CKKSrns_Mult,128,15,38,56,10,17,2,0,20,54803 us,54638 us
CKKSrns_Mult,128,15,38,56,10,17,2,1,20,50889 us,50743 us
CKKSrns_Mult,128,15,38,56,10,17,2,2,20,53088 us,52925 us
CKKSrns_Mult,128,15,38,56,10,17,3,0,20,53846 us,53672 us
CKKSrns_Mult,128,15,38,56,10,17,3,1,20,50675 us,50511 us
CKKSrns_Mult,128,15,38,56,10,17,3,2,20,51979 us,51796 us
CKKSrns_Mult,128,15,38,56,10,17,3,3,20,51307 us,51130 us
CKKSrns_Mult,128,15,38,56,10,17,4,0,20,54397 us,54217 us
CKKSrns_Mult,128,15,38,56,10,17,4,1,20,50439 us,50277 us
CKKSrns_Mult,128,15,38,56,10,17,4,2,20,52637 us,52473 us
CKKSrns_Mult,128,15,38,56,10,17,4,3,20,54117 us,53908 us
CKKSrns_Mult,128,15,38,56,10,17,4,4,20,55582 us,55357 us
CKKSrns_Mult,128,15,38,56,10,17,5,0,20,54155 us,53945 us
CKKSrns_Mult,128,15,38,56,10,17,5,1,20,50766 us,50590 us
CKKSrns_Mult,128,15,38,56,10,17,5,2,20,52151 us,51987 us
CKKSrns_Mult,128,15,38,56,10,17,5,3,20,52222 us,52024 us
CKKSrns_Mult,128,15,38,56,10,17,5,4,20,51981 us,51839 us
CKKSrns_Mult,128,15,38,56,10,17,5,5,20,52076 us,51924 us
CKKSrns_Mult,128,15,38,56,10,17,6,0,20,55045 us,54898 us
CKKSrns_Mult,128,15,38,56,10,17,6,1,20,53155 us,52977 us
CKKSrns_Mult,128,15,38,56,10,17,6,2,20,53782 us,53627 us
CKKSrns_Mult,128,15,38,56,10,17,6,3,20,52138 us,51985 us
CKKSrns_Mult,128,15,38,56,10,17,6,4,20,53221 us,53059 us
CKKSrns_Mult,128,15,38,56,10,17,6,5,20,52506 us,52329 us
CKKSrns_Mult,128,15,38,56,10,17,6,6,20,52944 us,52773 us
CKKSrns_Mult,128,15,38,56,10,17,7,0,20,53334 us,53154 us
CKKSrns_Mult,128,15,38,56,10,17,7,1,20,50894 us,50729 us
CKKSrns_Mult,128,15,38,56,10,17,7,2,20,51694 us,51525 us
CKKSrns_Mult,128,15,38,56,10,17,7,3,20,51526 us,51357 us
CKKSrns_Mult,128,15,38,56,10,17,7,4,20,52228 us,52052 us
CKKSrns_Mult,128,15,38,56,10,17,7,5,20,51362 us,51186 us
CKKSrns_Mult,128,15,38,56,10,17,7,6,20,51628 us,51458 us
CKKSrns_Mult,128,15,38,56,10,17,7,7,20,51816 us,51648 us
CKKSrns_Mult,128,15,38,56,10,17,8,0,20,55225 us,55040 us
CKKSrns_Mult,128,15,38,56,10,17,8,1,20,50759 us,50588 us
CKKSrns_Mult,128,15,38,56,10,17,8,2,20,52668 us,52491 us
CKKSrns_Mult,128,15,38,56,10,17,8,3,20,55145 us,54925 us
CKKSrns_Mult,128,15,38,56,10,17,8,4,20,53421 us,53229 us
CKKSrns_Mult,128,15,38,56,10,17,8,5,20,52895 us,52700 us
CKKSrns_Mult,128,15,38,56,10,17,8,6,20,52349 us,52183 us
CKKSrns_Mult,128,15,38,56,10,17,8,7,20,51995 us,51855 us
CKKSrns_Mult,128,15,38,56,10,17,8,8,20,52582 us,52429 us
CKKSrns_Mult,128,15,38,56,10,17,9,0,20,53788 us,53609 us
CKKSrns_Mult,128,15,38,56,10,17,9,1,20,56571 us,56320 us
CKKSrns_Mult,128,15,38,56,10,17,9,2,20,52917 us,52733 us
CKKSrns_Mult,128,15,38,56,10,17,9,3,20,51323 us,51159 us
CKKSrns_Mult,128,15,38,56,10,17,9,4,20,51581 us,51400 us
CKKSrns_Mult,128,15,38,56,10,17,9,5,20,51544 us,51363 us
CKKSrns_Mult,128,15,38,56,10,17,9,6,20,51623 us,51442 us
CKKSrns_Mult,128,15,38,56,10,17,9,7,20,52464 us,52302 us
CKKSrns_Mult,128,15,38,56,10,17,9,8,20,54947 us,54741 us
CKKSrns_Mult,128,15,38,56,10,17,9,9,20,52721 us,52533 us
CKKSrns_Mult_plaintext,128,15,38,56,10,17,0,N/A_value,20,936 us,932 us
CKKSrns_Mult_plaintext,128,15,38,56,10,17,1,N/A_value,20,1247 us,1243 us
CKKSrns_Mult_plaintext,128,15,38,56,10,17,2,N/A_value,20,783 us,779 us
CKKSrns_Mult_plaintext,128,15,38,56,10,17,3,N/A_value,20,816 us,813 us
CKKSrns_Mult_plaintext,128,15,38,56,10,17,4,N/A_value,20,783 us,780 us
CKKSrns_Mult_plaintext,128,15,38,56,10,17,5,N/A_value,20,764 us,761 us
CKKSrns_Mult_plaintext,128,15,38,56,10,17,6,N/A_value,20,785 us,782 us
CKKSrns_Mult_plaintext,128,15,38,56,10,17,7,N/A_value,20,820 us,817 us
CKKSrns_Mult_plaintext,128,15,38,56,10,17,8,N/A_value,20,773 us,770 us
CKKSrns_Mult_plaintext,128,15,38,56,10,17,9,N/A_value,20,855 us,852 us
CKKSrns_MultNoRelin,128,15,38,56,10,17,0,0,20,7859 us,7834 us
CKKSrns_MultNoRelin,128,15,38,56,10,17,1,0,20,3510 us,3498 us
CKKSrns_MultNoRelin,128,15,38,56,10,17,1,1,20,3531 us,3519 us
CKKSrns_MultNoRelin,128,15,38,56,10,17,2,0,20,5178 us,5161 us
CKKSrns_MultNoRelin,128,15,38,56,10,17,2,1,20,3411 us,3399 us
CKKSrns_MultNoRelin,128,15,38,56,10,17,2,2,20,3442 us,3428 us
CKKSrns_MultNoRelin,128,15,38,56,10,17,3,0,20,4082 us,4068 us
CKKSrns_MultNoRelin,128,15,38,56,10,17,3,1,20,3404 us,3392 us
CKKSrns_MultNoRelin,128,15,38,56,10,17,3,2,20,3439 us,3427 us
CKKSrns_MultNoRelin,128,15,38,56,10,17,3,3,20,4561 us,4547 us
CKKSrns_MultNoRelin,128,15,38,56,10,17,4,0,20,6147 us,6133 us
CKKSrns_MultNoRelin,128,15,38,56,10,17,4,1,20,3580 us,3570 us
CKKSrns_MultNoRelin,128,15,38,56,10,17,4,2,20,3652 us,3642 us
CKKSrns_MultNoRelin,128,15,38,56,10,17,4,3,20,3601 us,3592 us
CKKSrns_MultNoRelin,128,15,38,56,10,17,4,4,20,3633 us,3622 us
CKKSrns_MultNoRelin,128,15,38,56,10,17,5,0,20,4257 us,4245 us
CKKSrns_MultNoRelin,128,15,38,56,10,17,5,1,20,3550 us,3538 us
CKKSrns_MultNoRelin,128,15,38,56,10,17,5,2,20,3573 us,3562 us
CKKSrns_MultNoRelin,128,15,38,56,10,17,5,3,20,3458 us,3450 us
CKKSrns_MultNoRelin,128,15,38,56,10,17,5,4,20,3469 us,3459 us
CKKSrns_MultNoRelin,128,15,38,56,10,17,5,5,20,3597 us,3587 us
CKKSrns_MultNoRelin,128,15,38,56,10,17,6,0,20,6015 us,5999 us
CKKSrns_MultNoRelin,128,15,38,56,10,17,6,1,20,3334 us,3326 us
CKKSrns_MultNoRelin,128,15,38,56,10,17,6,2,20,3364 us,3356 us
CKKSrns_MultNoRelin,128,15,38,56,10,17,6,3,20,3750 us,3739 us
CKKSrns_MultNoRelin,128,15,38,56,10,17,6,4,20,3422 us,3412 us
CKKSrns_MultNoRelin,128,15,38,56,10,17,6,5,20,3375 us,3365 us
CKKSrns_MultNoRelin,128,15,38,56,10,17,6,6,20,3364 us,3355 us
CKKSrns_MultNoRelin,128,15,38,56,10,17,7,0,20,4099 us,4089 us
CKKSrns_MultNoRelin,128,15,38,56,10,17,7,1,20,3457 us,3444 us
CKKSrns_MultNoRelin,128,15,38,56,10,17,7,2,20,3367 us,3359 us
CKKSrns_MultNoRelin,128,15,38,56,10,17,7,3,20,3357 us,3347 us
CKKSrns_MultNoRelin,128,15,38,56,10,17,7,4,20,3378 us,3367 us
CKKSrns_MultNoRelin,128,15,38,56,10,17,7,5,20,3484 us,3474 us
CKKSrns_MultNoRelin,128,15,38,56,10,17,7,6,20,3373 us,3364 us
CKKSrns_MultNoRelin,128,15,38,56,10,17,7,7,20,3386 us,3375 us
CKKSrns_MultNoRelin,128,15,38,56,10,17,8,0,20,5213 us,5199 us
CKKSrns_MultNoRelin,128,15,38,56,10,17,8,1,20,3435 us,3424 us
CKKSrns_MultNoRelin,128,15,38,56,10,17,8,2,20,3442 us,3429 us
CKKSrns_MultNoRelin,128,15,38,56,10,17,8,3,20,3454 us,3442 us
CKKSrns_MultNoRelin,128,15,38,56,10,17,8,4,20,3483 us,3468 us
CKKSrns_MultNoRelin,128,15,38,56,10,17,8,5,20,3468 us,3458 us
CKKSrns_MultNoRelin,128,15,38,56,10,17,8,6,20,3500 us,3489 us
CKKSrns_MultNoRelin,128,15,38,56,10,17,8,7,20,3779 us,3767 us
CKKSrns_MultNoRelin,128,15,38,56,10,17,8,8,20,3429 us,3421 us
CKKSrns_MultNoRelin,128,15,38,56,10,17,9,0,20,5251 us,5237 us
CKKSrns_MultNoRelin,128,15,38,56,10,17,9,1,20,3420 us,3409 us
CKKSrns_MultNoRelin,128,15,38,56,10,17,9,2,20,3434 us,3423 us
CKKSrns_MultNoRelin,128,15,38,56,10,17,9,3,20,4586 us,4573 us
CKKSrns_MultNoRelin,128,15,38,56,10,17,9,4,20,3473 us,3458 us
CKKSrns_MultNoRelin,128,15,38,56,10,17,9,5,20,3430 us,3417 us
CKKSrns_MultNoRelin,128,15,38,56,10,17,9,6,20,3491 us,3479 us
CKKSrns_MultNoRelin,128,15,38,56,10,17,9,7,20,3445 us,3436 us
CKKSrns_MultNoRelin,128,15,38,56,10,17,9,8,20,3458 us,3448 us
CKKSrns_MultNoRelin,128,15,38,56,10,17,9,9,20,3553 us,3543 us
CKKSrns_MultRelin,128,15,38,56,10,17,0,0,20,56967 us,56802 us
CKKSrns_MultRelin,128,15,38,56,10,17,1,0,20,53392 us,53226 us
CKKSrns_MultRelin,128,15,38,56,10,17,1,1,20,51181 us,51020 us
CKKSrns_MultRelin,128,15,38,56,10,17,2,0,20,55832 us,55592 us
CKKSrns_MultRelin,128,15,38,56,10,17,2,1,20,51903 us,51742 us
CKKSrns_MultRelin,128,15,38,56,10,17,2,2,20,52980 us,52816 us
CKKSrns_MultRelin,128,15,38,56,10,17,3,0,20,53765 us,53587 us
CKKSrns_MultRelin,128,15,38,56,10,17,3,1,20,51535 us,51384 us
CKKSrns_MultRelin,128,15,38,56,10,17,3,2,20,51890 us,51725 us
CKKSrns_MultRelin,128,15,38,56,10,17,3,3,20,52795 us,52580 us
CKKSrns_MultRelin,128,15,38,56,10,17,4,0,20,55471 us,55315 us
CKKSrns_MultRelin,128,15,38,56,10,17,4,1,20,51304 us,51150 us
CKKSrns_MultRelin,128,15,38,56,10,17,4,2,20,52944 us,52791 us
CKKSrns_MultRelin,128,15,38,56,10,17,4,3,20,51593 us,51452 us
CKKSrns_MultRelin,128,15,38,56,10,17,4,4,20,54182 us,54017 us
CKKSrns_MultRelin,128,15,38,56,10,17,5,0,20,54119 us,53960 us
CKKSrns_MultRelin,128,15,38,56,10,17,5,1,20,51014 us,50863 us
CKKSrns_MultRelin,128,15,38,56,10,17,5,2,20,52304 us,52154 us
CKKSrns_MultRelin,128,15,38,56,10,17,5,3,20,52482 us,52315 us
CKKSrns_MultRelin,128,15,38,56,10,17,5,4,20,52138 us,51972 us
CKKSrns_MultRelin,128,15,38,56,10,17,5,5,20,52401 us,52236 us
CKKSrns_MultRelin,128,15,38,56,10,17,6,0,20,54802 us,54624 us
CKKSrns_MultRelin,128,15,38,56,10,17,6,1,20,51189 us,51003 us
CKKSrns_MultRelin,128,15,38,56,10,17,6,2,20,52822 us,52637 us
CKKSrns_MultRelin,128,15,38,56,10,17,6,3,20,52610 us,52420 us
CKKSrns_MultRelin,128,15,38,56,10,17,6,4,20,52785 us,52603 us
CKKSrns_MultRelin,128,15,38,56,10,17,6,5,20,52168 us,51976 us
CKKSrns_MultRelin,128,15,38,56,10,17,6,6,20,53400 us,53236 us
CKKSrns_MultRelin,128,15,38,56,10,17,7,0,20,54183 us,54028 us
CKKSrns_MultRelin,128,15,38,56,10,17,7,1,20,50864 us,50718 us
CKKSrns_MultRelin,128,15,38,56,10,17,7,2,20,52088 us,51927 us
CKKSrns_MultRelin,128,15,38,56,10,17,7,3,20,52113 us,51955 us
CKKSrns_MultRelin,128,15,38,56,10,17,7,4,20,52121 us,51954 us
CKKSrns_MultRelin,128,15,38,56,10,17,7,5,20,51870 us,51722 us
CKKSrns_MultRelin,128,15,38,56,10,17,7,6,20,52874 us,52710 us
CKKSrns_MultRelin,128,15,38,56,10,17,7,7,20,51872 us,51706 us
CKKSrns_MultRelin,128,15,38,56,10,17,8,0,20,54889 us,54738 us
CKKSrns_MultRelin,128,15,38,56,10,17,8,1,20,52455 us,52145 us
CKKSrns_MultRelin,128,15,38,56,10,17,8,2,20,52696 us,52551 us
CKKSrns_MultRelin,128,15,38,56,10,17,8,3,20,51597 us,51453 us
CKKSrns_MultRelin,128,15,38,56,10,17,8,4,20,53717 us,53559 us
CKKSrns_MultRelin,128,15,38,56,10,17,8,5,20,51619 us,51454 us
CKKSrns_MultRelin,128,15,38,56,10,17,8,6,20,52819 us,52649 us
CKKSrns_MultRelin,128,15,38,56,10,17,8,7,20,52349 us,52195 us
CKKSrns_MultRelin,128,15,38,56,10,17,8,8,20,52621 us,52475 us
CKKSrns_MultRelin,128,15,38,56,10,17,9,0,20,53377 us,53234 us
CKKSrns_MultRelin,128,15,38,56,10,17,9,1,20,50848 us,50701 us
CKKSrns_MultRelin,128,15,38,56,10,17,9,2,20,51353 us,51208 us
CKKSrns_MultRelin,128,15,38,56,10,17,9,3,20,51504 us,51336 us
CKKSrns_MultRelin,128,15,38,56,10,17,9,4,20,51677 us,51538 us
CKKSrns_MultRelin,128,15,38,56,10,17,9,5,20,52784 us,52613 us
CKKSrns_MultRelin,128,15,38,56,10,17,9,6,20,52418 us,52239 us
CKKSrns_MultRelin,128,15,38,56,10,17,9,7,20,52144 us,51954 us
CKKSrns_MultRelin,128,15,38,56,10,17,9,8,20,51479 us,51309 us
CKKSrns_MultRelin,128,15,38,56,10,17,9,9,20,51613 us,51439 us
CKKSrns_Add,128,15,47,60,10,26,0,0,30,2005 us,1998 us
CKKSrns_Add,128,15,47,60,10,26,1,0,30,2029 us,2024 us
CKKSrns_Add,128,15,47,60,10,26,1,1,30,2009 us,2003 us
CKKSrns_Add,128,15,47,60,10,26,2,0,30,2032 us,2027 us
CKKSrns_Add,128,15,47,60,10,26,2,1,30,2099 us,2091 us
CKKSrns_Add,128,15,47,60,10,26,2,2,30,1577 us,1571 us
CKKSrns_Add,128,15,47,60,10,26,3,0,30,1537 us,1532 us
CKKSrns_Add,128,15,47,60,10,26,3,1,30,1491 us,1484 us
CKKSrns_Add,128,15,47,60,10,26,3,2,30,1471 us,1467 us
CKKSrns_Add,128,15,47,60,10,26,3,3,30,1478 us,1474 us
CKKSrns_Add,128,15,47,60,10,26,4,0,30,1463 us,1458 us
CKKSrns_Add,128,15,47,60,10,26,4,1,30,1503 us,1499 us
CKKSrns_Add,128,15,47,60,10,26,4,2,30,1467 us,1463 us
CKKSrns_Add,128,15,47,60,10,26,4,3,30,1483 us,1478 us
CKKSrns_Add,128,15,47,60,10,26,4,4,30,1477 us,1472 us
CKKSrns_Add,128,15,47,60,10,26,5,0,30,1477 us,1471 us
CKKSrns_Add,128,15,47,60,10,26,5,1,30,1527 us,1515 us
CKKSrns_Add,128,15,47,60,10,26,5,2,30,2208 us,2201 us
CKKSrns_Add,128,15,47,60,10,26,5,3,30,1552 us,1547 us
CKKSrns_Add,128,15,47,60,10,26,5,4,30,1505 us,1500 us
CKKSrns_Add,128,15,47,60,10,26,5,5,30,2091 us,2085 us
CKKSrns_Add,128,15,47,60,10,26,6,0,30,1383 us,1380 us
CKKSrns_Add,128,15,47,60,10,26,6,1,30,1353 us,1349 us
CKKSrns_Add,128,15,47,60,10,26,6,2,30,1327 us,1324 us
CKKSrns_Add,128,15,47,60,10,26,6,3,30,1340 us,1336 us
CKKSrns_Add,128,15,47,60,10,26,6,4,30,1427 us,1423 us
CKKSrns_Add,128,15,47,60,10,26,6,5,30,1334 us,1331 us
CKKSrns_Add,128,15,47,60,10,26,6,6,30,1327 us,1324 us
CKKSrns_Add,128,15,47,60,10,26,7,0,30,1333 us,1329 us
CKKSrns_Add,128,15,47,60,10,26,7,1,30,1376 us,1372 us
CKKSrns_Add,128,15,47,60,10,26,7,2,30,1376 us,1372 us
CKKSrns_Add,128,15,47,60,10,26,7,3,30,1307 us,1303 us
CKKSrns_Add,128,15,47,60,10,26,7,4,30,1292 us,1288 us
CKKSrns_Add,128,15,47,60,10,26,7,5,30,1346 us,1341 us
CKKSrns_Add,128,15,47,60,10,26,7,6,30,1520 us,1515 us
CKKSrns_Add,128,15,47,60,10,26,7,7,30,1292 us,1288 us
CKKSrns_Add,128,15,47,60,10,26,8,0,30,1334 us,1331 us
CKKSrns_Add,128,15,47,60,10,26,8,1,30,2187 us,2179 us
CKKSrns_Add,128,15,47,60,10,26,8,2,30,1301 us,1298 us
CKKSrns_Add,128,15,47,60,10,26,8,3,30,1286 us,1282 us
CKKSrns_Add,128,15,47,60,10,26,8,4,30,1435 us,1430 us
CKKSrns_Add,128,15,47,60,10,26,8,5,30,1495 us,1491 us
CKKSrns_Add,128,15,47,60,10,26,8,6,30,1300 us,1296 us
CKKSrns_Add,128,15,47,60,10,26,8,7,30,1691 us,1685 us
CKKSrns_Add,128,15,47,60,10,26,8,8,30,1516 us,1510 us
CKKSrns_Add,128,15,47,60,10,26,9,0,30,1346 us,1342 us
CKKSrns_Add,128,15,47,60,10,26,9,1,30,1369 us,1365 us
CKKSrns_Add,128,15,47,60,10,26,9,2,30,1340 us,1334 us
CKKSrns_Add,128,15,47,60,10,26,9,3,30,1387 us,1383 us
CKKSrns_Add,128,15,47,60,10,26,9,4,30,1370 us,1366 us
CKKSrns_Add,128,15,47,60,10,26,9,5,30,1345 us,1342 us
CKKSrns_Add,128,15,47,60,10,26,9,6,30,1351 us,1346 us
CKKSrns_Add,128,15,47,60,10,26,9,7,30,1350 us,1345 us
CKKSrns_Add,128,15,47,60,10,26,9,8,30,2278 us,2271 us
CKKSrns_Add,128,15,47,60,10,26,9,9,30,1338 us,1334 us
CKKSrns_Add,128,15,47,60,10,26,10,0,30,1380 us,1376 us
CKKSrns_Add,128,15,47,60,10,26,10,1,30,1371 us,1366 us
CKKSrns_Add,128,15,47,60,10,26,10,2,30,1693 us,1688 us
CKKSrns_Add,128,15,47,60,10,26,10,3,30,1618 us,1613 us
CKKSrns_Add,128,15,47,60,10,26,10,4,30,1513 us,1508 us
CKKSrns_Add,128,15,47,60,10,26,10,5,30,1517 us,1512 us
CKKSrns_Add,128,15,47,60,10,26,10,6,30,1739 us,1733 us
CKKSrns_Add,128,15,47,60,10,26,10,7,30,1565 us,1561 us
CKKSrns_Add,128,15,47,60,10,26,10,8,30,1491 us,1486 us
CKKSrns_Add,128,15,47,60,10,26,10,9,30,1387 us,1382 us
CKKSrns_Add,128,15,47,60,10,26,10,10,30,1445 us,1441 us
CKKSrns_Add_plaintext,128,15,47,60,10,26,0,N/A_value,30,741 us,739 us
CKKSrns_Add_plaintext,128,15,47,60,10,26,1,N/A_value,30,787 us,784 us
CKKSrns_Add_plaintext,128,15,47,60,10,26,2,N/A_value,30,807 us,805 us
CKKSrns_Add_plaintext,128,15,47,60,10,26,3,N/A_value,30,796 us,794 us
CKKSrns_Add_plaintext,128,15,47,60,10,26,4,N/A_value,30,853 us,850 us
CKKSrns_Add_plaintext,128,15,47,60,10,26,5,N/A_value,30,828 us,826 us
CKKSrns_Add_plaintext,128,15,47,60,10,26,6,N/A_value,30,990 us,987 us
CKKSrns_Add_plaintext,128,15,47,60,10,26,7,N/A_value,30,1173 us,1169 us
CKKSrns_Add_plaintext,128,15,47,60,10,26,8,N/A_value,30,1491 us,1487 us
CKKSrns_Add_plaintext,128,15,47,60,10,26,9,N/A_value,30,2130 us,2125 us
CKKSrns_Add_plaintext,128,15,47,60,10,26,10,N/A_value,30,3519 us,3511 us
CKKSrns_Sub,128,15,47,60,10,26,0,0,30,1986 us,1979 us
CKKSrns_Sub,128,15,47,60,10,26,1,0,30,1605 us,1597 us
CKKSrns_Sub,128,15,47,60,10,26,1,1,30,1644 us,1638 us
CKKSrns_Sub,128,15,47,60,10,26,2,0,30,1560 us,1555 us
CKKSrns_Sub,128,15,47,60,10,26,2,1,30,1649 us,1642 us
CKKSrns_Sub,128,15,47,60,10,26,2,2,30,1652 us,1646 us
CKKSrns_Sub,128,15,47,60,10,26,3,0,30,1551 us,1546 us
CKKSrns_Sub,128,15,47,60,10,26,3,1,30,1581 us,1576 us
CKKSrns_Sub,128,15,47,60,10,26,3,2,30,1571 us,1566 us
CKKSrns_Sub,128,15,47,60,10,26,3,3,30,2257 us,2250 us
CKKSrns_Sub,128,15,47,60,10,26,4,0,30,1643 us,1638 us
CKKSrns_Sub,128,15,47,60,10,26,4,1,30,1690 us,1682 us
CKKSrns_Sub,128,15,47,60,10,26,4,2,30,1546 us,1541 us
CKKSrns_Sub,128,15,47,60,10,26,4,3,30,1555 us,1549 us
CKKSrns_Sub,128,15,47,60,10,26,4,4,30,1567 us,1560 us
CKKSrns_Sub,128,15,47,60,10,26,5,0,30,1595 us,1590 us
CKKSrns_Sub,128,15,47,60,10,26,5,1,30,1688 us,1681 us
CKKSrns_Sub,128,15,47,60,10,26,5,2,30,1558 us,1553 us
CKKSrns_Sub,128,15,47,60,10,26,5,3,30,1746 us,1740 us
CKKSrns_Sub,128,15,47,60,10,26,5,4,30,1692 us,1686 us
CKKSrns_Sub,128,15,47,60,10,26,5,5,30,2242 us,2235 us
CKKSrns_Sub,128,15,47,60,10,26,6,0,30,1525 us,1522 us
CKKSrns_Sub,128,15,47,60,10,26,6,1,30,1549 us,1544 us
CKKSrns_Sub,128,15,47,60,10,26,6,2,30,1634 us,1629 us
CKKSrns_Sub,128,15,47,60,10,26,6,3,30,1627 us,1622 us
CKKSrns_Sub,128,15,47,60,10,26,6,4,30,1542 us,1538 us
CKKSrns_Sub,128,15,47,60,10,26,6,5,30,1821 us,1814 us
CKKSrns_Sub,128,15,47,60,10,26,6,6,30,1640 us,1634 us
CKKSrns_Sub,128,15,47,60,10,26,7,0,30,1655 us,1652 us
CKKSrns_Sub,128,15,47,60,10,26,7,1,30,1620 us,1615 us
CKKSrns_Sub,128,15,47,60,10,26,7,2,30,1585 us,1579 us
CKKSrns_Sub,128,15,47,60,10,26,7,3,30,1560 us,1556 us
CKKSrns_Sub,128,15,47,60,10,26,7,4,30,1771 us,1765 us
CKKSrns_Sub,128,15,47,60,10,26,7,5,30,1614 us,1610 us
CKKSrns_Sub,128,15,47,60,10,26,7,6,30,1612 us,1608 us
CKKSrns_Sub,128,15,47,60,10,26,7,7,30,1629 us,1625 us
CKKSrns_Sub,128,15,47,60,10,26,8,0,30,1617 us,1612 us
CKKSrns_Sub,128,15,47,60,10,26,8,1,30,1591 us,1577 us
CKKSrns_Sub,128,15,47,60,10,26,8,2,30,2249 us,2242 us
CKKSrns_Sub,128,15,47,60,10,26,8,3,30,2290 us,2282 us
CKKSrns_Sub,128,15,47,60,10,26,8,4,30,1562 us,1553 us
CKKSrns_Sub,128,15,47,60,10,26,8,5,30,2263 us,2255 us
CKKSrns_Sub,128,15,47,60,10,26,8,6,30,1551 us,1545 us
CKKSrns_Sub,128,15,47,60,10,26,8,7,30,1547 us,1542 us
CKKSrns_Sub,128,15,47,60,10,26,8,8,30,1551 us,1543 us
CKKSrns_Sub,128,15,47,60,10,26,9,0,30,1693 us,1687 us
CKKSrns_Sub,128,15,47,60,10,26,9,1,30,2282 us,2275 us
CKKSrns_Sub,128,15,47,60,10,26,9,2,30,2344 us,2337 us
CKKSrns_Sub,128,15,47,60,10,26,9,3,30,1550 us,1546 us
CKKSrns_Sub,128,15,47,60,10,26,9,4,30,1550 us,1545 us
CKKSrns_Sub,128,15,47,60,10,26,9,5,30,1711 us,1706 us
CKKSrns_Sub,128,15,47,60,10,26,9,6,30,1513 us,1509 us
CKKSrns_Sub,128,15,47,60,10,26,9,7,30,2245 us,2238 us
CKKSrns_Sub,128,15,47,60,10,26,9,8,30,2253 us,2246 us
CKKSrns_Sub,128,15,47,60,10,26,9,9,30,1645 us,1639 us
CKKSrns_Sub,128,15,47,60,10,26,10,0,30,1547 us,1542 us
CKKSrns_Sub,128,15,47,60,10,26,10,1,30,2234 us,2227 us
CKKSrns_Sub,128,15,47,60,10,26,10,2,30,2286 us,2276 us
CKKSrns_Sub,128,15,47,60,10,26,10,3,30,1671 us,1663 us
CKKSrns_Sub,128,15,47,60,10,26,10,4,30,1532 us,1527 us
CKKSrns_Sub,128,15,47,60,10,26,10,5,30,1544 us,1538 us
CKKSrns_Sub,128,15,47,60,10,26,10,6,30,2273 us,2265 us
CKKSrns_Sub,128,15,47,60,10,26,10,7,30,1637 us,1632 us
CKKSrns_Sub,128,15,47,60,10,26,10,8,30,1513 us,1509 us
CKKSrns_Sub,128,15,47,60,10,26,10,9,30,1523 us,1519 us
CKKSrns_Sub,128,15,47,60,10,26,10,10,30,1528 us,1522 us
CKKSrns_Sub_plaintext,128,15,47,60,10,26,0,N/A_value,30,1844 us,1838 us
CKKSrns_Sub_plaintext,128,15,47,60,10,26,1,N/A_value,30,2096 us,2089 us
CKKSrns_Sub_plaintext,128,15,47,60,10,26,2,N/A_value,30,1773 us,1768 us
CKKSrns_Sub_plaintext,128,15,47,60,10,26,3,N/A_value,30,2470 us,2463 us
CKKSrns_Sub_plaintext,128,15,47,60,10,26,4,N/A_value,30,1830 us,1824 us
CKKSrns_Sub_plaintext,128,15,47,60,10,26,5,N/A_value,30,2108 us,2102 us
CKKSrns_Sub_plaintext,128,15,47,60,10,26,6,N/A_value,30,1999 us,1993 us
CKKSrns_Sub_plaintext,128,15,47,60,10,26,7,N/A_value,30,2308 us,2300 us
CKKSrns_Sub_plaintext,128,15,47,60,10,26,8,N/A_value,30,2588 us,2581 us
CKKSrns_Sub_plaintext,128,15,47,60,10,26,9,N/A_value,30,3273 us,3265 us
CKKSrns_Sub_plaintext,128,15,47,60,10,26,10,N/A_value,30,4436 us,4425 us
CKKSrns_Mult,128,15,47,60,10,26,0,0,30,61683 us,61441 us
CKKSrns_Mult,128,15,47,60,10,26,1,0,30,56959 us,56761 us
CKKSrns_Mult,128,15,47,60,10,26,1,1,30,59512 us,59252 us
CKKSrns_Mult,128,15,47,60,10,26,2,0,30,61723 us,61527 us
CKKSrns_Mult,128,15,47,60,10,26,2,1,30,57345 us,57179 us
CKKSrns_Mult,128,15,47,60,10,26,2,2,30,60581 us,60357 us
CKKSrns_Mult,128,15,47,60,10,26,3,0,30,58418 us,58224 us
CKKSrns_Mult,128,15,47,60,10,26,3,1,30,58476 us,58251 us
CKKSrns_Mult,128,15,47,60,10,26,3,2,30,57697 us,57518 us
CKKSrns_Mult,128,15,47,60,10,26,3,3,30,56875 us,56699 us
CKKSrns_Mult,128,15,47,60,10,26,4,0,30,59311 us,59126 us
CKKSrns_Mult,128,15,47,60,10,26,4,1,30,58822 us,58588 us
CKKSrns_Mult,128,15,47,60,10,26,4,2,30,57452 us,57273 us
CKKSrns_Mult,128,15,47,60,10,26,4,3,30,57335 us,57142 us
CKKSrns_Mult,128,15,47,60,10,26,4,4,30,56758 us,56577 us
CKKSrns_Mult,128,15,47,60,10,26,5,0,30,58234 us,58059 us
CKKSrns_Mult,128,15,47,60,10,26,5,1,30,55061 us,54868 us
CKKSrns_Mult,128,15,47,60,10,26,5,2,30,57658 us,57461 us
CKKSrns_Mult,128,15,47,60,10,26,5,3,30,55458 us,55237 us
CKKSrns_Mult,128,15,47,60,10,26,5,4,30,56219 us,56032 us
CKKSrns_Mult,128,15,47,60,10,26,5,5,30,54807 us,54620 us
CKKSrns_Mult,128,15,47,60,10,26,6,0,30,57947 us,57751 us
CKKSrns_Mult,128,15,47,60,10,26,6,1,30,57402 us,57214 us
CKKSrns_Mult,128,15,47,60,10,26,6,2,30,56963 us,56757 us
CKKSrns_Mult,128,15,47,60,10,26,6,3,30,54787 us,54607 us
CKKSrns_Mult,128,15,47,60,10,26,6,4,30,56852 us,56643 us
CKKSrns_Mult,128,15,47,60,10,26,6,5,30,54877 us,54694 us
CKKSrns_Mult,128,15,47,60,10,26,6,6,30,56288 us,56086 us
CKKSrns_Mult,128,15,47,60,10,26,7,0,30,56862 us,56637 us
CKKSrns_Mult,128,15,47,60,10,26,7,1,30,58458 us,58220 us
CKKSrns_Mult,128,15,47,60,10,26,7,2,30,57886 us,57672 us
CKKSrns_Mult,128,15,47,60,10,26,7,3,30,55286 us,55103 us
CKKSrns_Mult,128,15,47,60,10,26,7,4,30,57760 us,57551 us
CKKSrns_Mult,128,15,47,60,10,26,7,5,30,55255 us,55044 us
CKKSrns_Mult,128,15,47,60,10,26,7,6,30,59234 us,59011 us
CKKSrns_Mult,128,15,47,60,10,26,7,7,30,58423 us,58227 us
CKKSrns_Mult,128,15,47,60,10,26,8,0,30,60391 us,60223 us
CKKSrns_Mult,128,15,47,60,10,26,8,1,30,57277 us,57104 us
CKKSrns_Mult,128,15,47,60,10,26,8,2,30,57097 us,56906 us
CKKSrns_Mult,128,15,47,60,10,26,8,3,30,58027 us,57838 us
CKKSrns_Mult,128,15,47,60,10,26,8,4,30,58972 us,58796 us
CKKSrns_Mult,128,15,47,60,10,26,8,5,30,57821 us,57662 us
CKKSrns_Mult,128,15,47,60,10,26,8,6,30,56255 us,56073 us
CKKSrns_Mult,128,15,47,60,10,26,8,7,30,55314 us,55125 us
CKKSrns_Mult,128,15,47,60,10,26,8,8,30,56271 us,56079 us
CKKSrns_Mult,128,15,47,60,10,26,9,0,30,56777 us,56596 us
CKKSrns_Mult,128,15,47,60,10,26,9,1,30,53736 us,53552 us
CKKSrns_Mult,128,15,47,60,10,26,9,2,30,55888 us,55709 us
CKKSrns_Mult,128,15,47,60,10,26,9,3,30,55275 us,55082 us
CKKSrns_Mult,128,15,47,60,10,26,9,4,30,56285 us,56099 us
CKKSrns_Mult,128,15,47,60,10,26,9,5,30,54948 us,54763 us
CKKSrns_Mult,128,15,47,60,10,26,9,6,30,56620 us,56419 us
CKKSrns_Mult,128,15,47,60,10,26,9,7,30,54896 us,54702 us
CKKSrns_Mult,128,15,47,60,10,26,9,8,30,56413 us,56211 us
CKKSrns_Mult,128,15,47,60,10,26,9,9,30,55138 us,54956 us
CKKSrns_Mult_plaintext,128,15,47,60,10,26,0,N/A_value,30,836 us,833 us
CKKSrns_Mult_plaintext,128,15,47,60,10,26,1,N/A_value,30,902 us,899 us
CKKSrns_Mult_plaintext,128,15,47,60,10,26,2,N/A_value,30,886 us,883 us
CKKSrns_Mult_plaintext,128,15,47,60,10,26,3,N/A_value,30,966 us,963 us
CKKSrns_Mult_plaintext,128,15,47,60,10,26,4,N/A_value,30,913 us,910 us
CKKSrns_Mult_plaintext,128,15,47,60,10,26,5,N/A_value,30,848 us,845 us
CKKSrns_Mult_plaintext,128,15,47,60,10,26,6,N/A_value,30,836 us,833 us
CKKSrns_Mult_plaintext,128,15,47,60,10,26,7,N/A_value,30,823 us,820 us
CKKSrns_Mult_plaintext,128,15,47,60,10,26,8,N/A_value,30,841 us,838 us
CKKSrns_Mult_plaintext,128,15,47,60,10,26,9,N/A_value,30,888 us,884 us
CKKSrns_MultNoRelin,128,15,47,60,10,26,0,0,30,7004 us,6977 us
CKKSrns_MultNoRelin,128,15,47,60,10,26,1,0,30,3600 us,3589 us
CKKSrns_MultNoRelin,128,15,47,60,10,26,1,1,30,3548 us,3538 us
CKKSrns_MultNoRelin,128,15,47,60,10,26,2,0,30,5338 us,5322 us
CKKSrns_MultNoRelin,128,15,47,60,10,26,2,1,30,3548 us,3537 us
CKKSrns_MultNoRelin,128,15,47,60,10,26,2,2,30,3696 us,3685 us
CKKSrns_MultNoRelin,128,15,47,60,10,26,3,0,30,4095 us,4084 us
CKKSrns_MultNoRelin,128,15,47,60,10,26,3,1,30,3550 us,3540 us
CKKSrns_MultNoRelin,128,15,47,60,10,26,3,2,30,3625 us,3613 us
CKKSrns_MultNoRelin,128,15,47,60,10,26,3,3,30,3563 us,3551 us
CKKSrns_MultNoRelin,128,15,47,60,10,26,4,0,30,5124 us,5109 us
CKKSrns_MultNoRelin,128,15,47,60,10,26,4,1,30,3547 us,3536 us
CKKSrns_MultNoRelin,128,15,47,60,10,26,4,2,30,3546 us,3536 us
CKKSrns_MultNoRelin,128,15,47,60,10,26,4,3,30,3602 us,3592 us
CKKSrns_MultNoRelin,128,15,47,60,10,26,4,4,30,3721 us,3708 us
CKKSrns_MultNoRelin,128,15,47,60,10,26,5,0,30,4447 us,4433 us
CKKSrns_MultNoRelin,128,15,47,60,10,26,5,1,30,3570 us,3559 us
CKKSrns_MultNoRelin,128,15,47,60,10,26,5,2,30,3576 us,3565 us
CKKSrns_MultNoRelin,128,15,47,60,10,26,5,3,30,3565 us,3554 us
CKKSrns_MultNoRelin,128,15,47,60,10,26,5,4,30,3458 us,3447 us
CKKSrns_MultNoRelin,128,15,47,60,10,26,5,5,30,3597 us,3586 us
CKKSrns_MultNoRelin,128,15,47,60,10,26,6,0,30,5285 us,5271 us
CKKSrns_MultNoRelin,128,15,47,60,10,26,6,1,30,3757 us,3745 us
CKKSrns_MultNoRelin,128,15,47,60,10,26,6,2,30,3587 us,3576 us
CKKSrns_MultNoRelin,128,15,47,60,10,26,6,3,30,3579 us,3568 us
CKKSrns_MultNoRelin,128,15,47,60,10,26,6,4,30,3977 us,3954 us
CKKSrns_MultNoRelin,128,15,47,60,10,26,6,5,30,3502 us,3491 us
CKKSrns_MultNoRelin,128,15,47,60,10,26,6,6,30,3460 us,3450 us
CKKSrns_MultNoRelin,128,15,47,60,10,26,7,0,30,4118 us,4106 us
CKKSrns_MultNoRelin,128,15,47,60,10,26,7,1,30,3329 us,3319 us
CKKSrns_MultNoRelin,128,15,47,60,10,26,7,2,30,3372 us,3360 us
CKKSrns_MultNoRelin,128,15,47,60,10,26,7,3,30,3972 us,3959 us
CKKSrns_MultNoRelin,128,15,47,60,10,26,7,4,30,3452 us,3442 us
CKKSrns_MultNoRelin,128,15,47,60,10,26,7,5,30,3454 us,3446 us
CKKSrns_MultNoRelin,128,15,47,60,10,26,7,6,30,3457 us,3448 us
CKKSrns_MultNoRelin,128,15,47,60,10,26,7,7,30,3373 us,3362 us
CKKSrns_MultNoRelin,128,15,47,60,10,26,8,0,30,5169 us,5155 us
CKKSrns_MultNoRelin,128,15,47,60,10,26,8,1,30,3526 us,3515 us
CKKSrns_MultNoRelin,128,15,47,60,10,26,8,2,30,3408 us,3397 us
CKKSrns_MultNoRelin,128,15,47,60,10,26,8,3,30,3594 us,3579 us
CKKSrns_MultNoRelin,128,15,47,60,10,26,8,4,30,3789 us,3777 us
CKKSrns_MultNoRelin,128,15,47,60,10,26,8,5,30,4653 us,4639 us
CKKSrns_MultNoRelin,128,15,47,60,10,26,8,6,30,3405 us,3397 us
CKKSrns_MultNoRelin,128,15,47,60,10,26,8,7,30,3372 us,3362 us
CKKSrns_MultNoRelin,128,15,47,60,10,26,8,8,30,3434 us,3423 us
CKKSrns_MultNoRelin,128,15,47,60,10,26,9,0,30,4040 us,4029 us
CKKSrns_MultNoRelin,128,15,47,60,10,26,9,1,30,3503 us,3492 us
CKKSrns_MultNoRelin,128,15,47,60,10,26,9,2,30,3386 us,3374 us
CKKSrns_MultNoRelin,128,15,47,60,10,26,9,3,30,3390 us,3380 us
CKKSrns_MultNoRelin,128,15,47,60,10,26,9,4,30,3372 us,3362 us
CKKSrns_MultNoRelin,128,15,47,60,10,26,9,5,30,4278 us,4266 us
CKKSrns_MultNoRelin,128,15,47,60,10,26,9,6,30,3405 us,3393 us
CKKSrns_MultNoRelin,128,15,47,60,10,26,9,7,30,3580 us,3569 us
CKKSrns_MultNoRelin,128,15,47,60,10,26,9,8,30,3357 us,3343 us
CKKSrns_MultNoRelin,128,15,47,60,10,26,9,9,30,3393 us,3385 us
CKKSrns_MultRelin,128,15,47,60,10,26,0,0,30,60980 us,60805 us
CKKSrns_MultRelin,128,15,47,60,10,26,1,0,30,58127 us,57931 us
CKKSrns_MultRelin,128,15,47,60,10,26,1,1,30,54177 us,53983 us
CKKSrns_MultRelin,128,15,47,60,10,26,2,0,30,57804 us,57624 us
CKKSrns_MultRelin,128,15,47,60,10,26,2,1,30,57567 us,57358 us
CKKSrns_MultRelin,128,15,47,60,10,26,2,2,30,58113 us,57892 us
CKKSrns_MultRelin,128,15,47,60,10,26,3,0,30,57229 us,57036 us
CKKSrns_MultRelin,128,15,47,60,10,26,3,1,30,55817 us,55638 us
CKKSrns_MultRelin,128,15,47,60,10,26,3,2,30,59301 us,59130 us
CKKSrns_MultRelin,128,15,47,60,10,26,3,3,30,58151 us,57987 us
CKKSrns_MultRelin,128,15,47,60,10,26,4,0,30,61410 us,61200 us
CKKSrns_MultRelin,128,15,47,60,10,26,4,1,30,56645 us,56481 us
CKKSrns_MultRelin,128,15,47,60,10,26,4,2,30,58824 us,58637 us
CKKSrns_MultRelin,128,15,47,60,10,26,4,3,30,55083 us,54897 us
CKKSrns_MultRelin,128,15,47,60,10,26,4,4,30,56664 us,56494 us
CKKSrns_MultRelin,128,15,47,60,10,26,5,0,30,57578 us,57402 us
CKKSrns_MultRelin,128,15,47,60,10,26,5,1,30,55130 us,54950 us
CKKSrns_MultRelin,128,15,47,60,10,26,5,2,30,58892 us,58724 us
CKKSrns_MultRelin,128,15,47,60,10,26,5,3,30,56190 us,55995 us
CKKSrns_MultRelin,128,15,47,60,10,26,5,4,30,58325 us,58162 us
CKKSrns_MultRelin,128,15,47,60,10,26,5,5,30,58122 us,57964 us
CKKSrns_MultRelin,128,15,47,60,10,26,6,0,30,60924 us,60756 us
CKKSrns_MultRelin,128,15,47,60,10,26,6,1,30,57267 us,57105 us
CKKSrns_MultRelin,128,15,47,60,10,26,6,2,30,59313 us,59137 us
CKKSrns_MultRelin,128,15,47,60,10,26,6,3,30,55403 us,55191 us
CKKSrns_MultRelin,128,15,47,60,10,26,6,4,30,57050 us,56855 us
CKKSrns_MultRelin,128,15,47,60,10,26,6,5,30,55062 us,54867 us
CKKSrns_MultRelin,128,15,47,60,10,26,6,6,30,56231 us,56041 us
CKKSrns_MultRelin,128,15,47,60,10,26,7,0,30,56743 us,56562 us
CKKSrns_MultRelin,128,15,47,60,10,26,7,1,30,53876 us,53700 us
CKKSrns_MultRelin,128,15,47,60,10,26,7,2,30,56538 us,56335 us
CKKSrns_MultRelin,128,15,47,60,10,26,7,3,30,54867 us,54686 us
CKKSrns_MultRelin,128,15,47,60,10,26,7,4,30,56331 us,56145 us
CKKSrns_MultRelin,128,15,47,60,10,26,7,5,30,54955 us,54781 us
CKKSrns_MultRelin,128,15,47,60,10,26,7,6,30,55669 us,55503 us
CKKSrns_MultRelin,128,15,47,60,10,26,7,7,30,54393 us,54224 us
CKKSrns_MultRelin,128,15,47,60,10,26,8,0,30,57421 us,57248 us
CKKSrns_MultRelin,128,15,47,60,10,26,8,1,30,53617 us,53452 us
CKKSrns_MultRelin,128,15,47,60,10,26,8,2,30,58499 us,58298 us
CKKSrns_MultRelin,128,15,47,60,10,26,8,3,30,57761 us,57573 us
CKKSrns_MultRelin,128,15,47,60,10,26,8,4,30,60527 us,60291 us
CKKSrns_MultRelin,128,15,47,60,10,26,8,5,30,56526 us,56362 us
CKKSrns_MultRelin,128,15,47,60,10,26,8,6,30,55935 us,55742 us
CKKSrns_MultRelin,128,15,47,60,10,26,8,7,30,55390 us,55186 us
CKKSrns_MultRelin,128,15,47,60,10,26,8,8,30,56690 us,56485 us
CKKSrns_MultRelin,128,15,47,60,10,26,9,0,30,56893 us,56683 us
CKKSrns_MultRelin,128,15,47,60,10,26,9,1,30,54517 us,54315 us
CKKSrns_MultRelin,128,15,47,60,10,26,9,2,30,56029 us,55829 us
CKKSrns_MultRelin,128,15,47,60,10,26,9,3,30,54736 us,54537 us
CKKSrns_MultRelin,128,15,47,60,10,26,9,4,30,55577 us,55386 us
CKKSrns_MultRelin,128,15,47,60,10,26,9,5,30,55003 us,54812 us
CKKSrns_MultRelin,128,15,47,60,10,26,9,6,30,58940 us,58763 us
CKKSrns_MultRelin,128,15,47,60,10,26,9,7,30,56698 us,56523 us
CKKSrns_MultRelin,128,15,47,60,10,26,9,8,30,57095 us,56918 us
CKKSrns_MultRelin,128,15,47,60,10,26,9,9,30,57328 us,57132 us
